id,glove_score,target
0,0.4613484295251332,1
2,0.5149902691213561,1
3,0.4124396819663944,1
9,0.6202264843474928,1
11,0.7642464831024796,1
12,0.6441639810416321,1
21,0.33997033375724744,0
22,0.31760001073133004,0
27,0.2878629252727348,0
29,0.3649912324585861,0
30,0.2859359173086041,0
35,0.2503462478936297,0
42,0.26362785318149645,0
43,0.2591746149515269,0
45,0.3217066908231744,0
46,0.5779694381574012,1
47,0.3936139717226975,0
51,0.4618178778570378,1
58,0.21311736230649955,0
60,0.4573879404197635,0
69,0.3882748554664316,0
70,0.3617767307719519,0
72,0.2767409697752339,0
75,0.571908891488618,1
84,0.38134273639833016,0
87,0.3798839345138895,1
88,0.284095227808187,1
90,0.6054147557995699,1
94,0.333127497309974,0
99,0.6059924598295627,1
101,0.2496374559773553,0
103,0.3621515430484362,0
106,0.4698030761376159,1
108,0.3430699927894993,0
111,0.6011941850478896,1
115,0.25379420409768216,0
116,0.5544485138404502,1
122,0.4123879109266128,0
123,0.3018334776462405,0
124,0.6083566210403393,1
125,0.3273429336791817,0
127,0.4793132698768106,1
140,0.4224065390684535,0
142,0.3227361938076438,0
147,0.22823140849860896,0
148,0.4180582917478146,0
150,0.3172563967900291,0
152,0.21236338317760994,0
154,0.5921701785869109,1
155,0.21236338317760994,0
166,0.2589611071622641,0
167,0.2646295989936641,0
169,0.3222733950854296,0
177,0.21236338317760994,0
179,0.327383011968838,0
181,0.3680142806562021,0
186,0.3975573265387268,0
188,0.4678202607076562,1
189,0.21442030574982834,0
192,0.327383011968838,0
200,0.6174854874148135,1
202,0.3178023728383025,0
206,0.4451814472956734,1
207,0.5371740579581976,1
214,0.630159671589894,1
217,0.7220758902393721,1
223,0.3935527942724808,0
224,0.7220758902393721,1
227,0.5149454183825883,1
228,0.6095010639750156,1
230,0.5009122719035151,1
233,0.4945591421117891,0
234,0.7499586738198413,1
236,0.7470440101808007,1
239,0.7499586738198413,1
250,0.7782097994542413,1
255,0.3837852772707781,0
257,0.2300579604325091,0
259,0.36014223159077485,0
275,0.6544227701352329,1
278,0.2730937341732522,0
282,0.3682503384535417,0
284,0.4475649780380636,0
286,0.6034606160452709,1
288,0.7782097994542413,1
292,0.607197206740546,1
295,0.3540427872372858,0
300,0.32353231539449484,1
304,0.6835300453176429,1
305,0.6835300453176429,1
306,0.3660927409734031,0
308,0.2778724074743978,0
311,0.2213658137457446,0
317,0.2700573171307402,0
319,0.4562130187404165,1
323,0.2603946555635807,0
324,0.34425421342141976,0
325,0.3215543836550602,0
326,0.3622559110240114,1
333,0.2698160204709485,0
339,0.3479066995028802,0
342,0.397936643024724,0
343,0.2722241614987412,0
350,0.24648478430538684,0
351,0.30984134440509353,0
357,0.3464575090495832,0
359,0.4323286971200467,0
362,0.30587384596611306,0
366,0.521695365943483,1
367,0.4323286971200467,0
369,0.4323286971200467,0
373,0.31337565502047793,0
374,0.5267369384372264,1
376,0.2684307951053072,0
377,0.4323286971200467,0
378,0.4323286971200467,0
379,0.2959150285583854,0
382,0.4323286971200467,0
385,0.4323286971200467,0
387,0.4853736559562484,1
388,0.4323286971200467,0
391,0.4323286971200467,0
392,0.4323286971200467,0
395,0.4323286971200467,0
399,0.38881184468657387,0
400,0.37112580534714656,0
403,0.2360964519289964,0
405,0.2802804783107325,0
408,0.2137326596708404,0
411,0.4212045105165119,0
414,0.2687510913928021,0
416,0.3044341698206671,0
417,0.6870139428131828,1
422,0.5184607583728009,0
425,0.3117743631186393,0
428,0.33954464497632203,0
430,0.37054928627552985,0
431,0.3467419790262839,0
433,0.4194813346863743,0
434,0.2360964519289964,0
439,0.5200361925604371,0
441,0.2360964519289964,0
449,0.3781977323940568,0
458,0.4217888914945152,0
460,0.4931022282940453,0
464,0.29072589769173784,0
473,0.6482418794271467,1
488,0.3305389070804142,0
491,0.32682425353774913,0
494,0.4746232774480384,1
497,0.2416423937805529,0
500,0.4659165933990703,1
505,0.2536120917654202,0
507,0.2946963342629039,0
508,0.21108748641793024,0
510,0.2436804515024783,0
511,0.21108748641793024,0
515,0.4684004162852912,1
525,0.4360081592651536,0
529,0.2536120917654202,0
532,0.2536120917654202,0
534,0.2536120917654202,0
537,0.4928226534987023,1
539,0.26005999097704746,0
541,0.2536120917654202,0
545,0.2436804515024783,0
547,0.7678317728223488,1
548,0.7780749387393927,1
549,0.6591945491294023,1
553,0.7490963197479589,1
554,0.4186381223089694,0
555,0.7220693134971607,1
557,0.6446145112870866,1
562,0.4488273727172968,0
566,0.5588416727654636,1
572,0.5954626334616199,1
573,0.6561453605129969,1
582,0.6586303280650574,1
586,0.6348617878379568,1
587,0.5716710925297789,1
590,0.7780749387393927,1
591,0.5379281762839137,1
593,0.5098514022242684,0
595,0.6446145112870866,1
596,0.7212498750370223,1
597,0.4574589112278751,1
601,0.32740614140861546,0
602,0.3937530001793257,0
605,0.6606048532764897,1
610,0.6763809191852196,1
616,0.3471596916428319,0
618,0.42581298978209997,1
620,0.749086456408917,1
626,0.37258084123572377,1
627,0.22259542171105853,0
629,0.3024577376175321,0
632,0.6855378135119704,1
634,0.5229703416449158,1
639,0.5355514020381704,1
645,0.7780749387393927,1
647,0.6725404465937084,1
648,0.4175600194132144,0
650,0.4570499549607215,1
663,0.2511712057584185,0
666,0.4866609382315044,0
668,0.34580748080770285,1
670,0.3370180502598161,0
673,0.742380599404256,1
676,0.2485129963466561,0
678,0.23632399024353526,0
692,0.5382551113206528,1
693,0.6301085404399326,1
694,0.3482817964845618,0
695,0.244402524690447,1
696,0.778916794139404,1
698,0.5008217522348658,1
701,0.3378386424164879,0
703,0.7529526730465605,1
707,0.7529526730465605,1
708,0.6545420957087709,1
711,0.7529526730465605,1
715,0.7529526730465605,1
718,0.3257140700206711,0
722,0.2759519625914364,0
723,0.3010639543181416,0
733,0.7529526730465605,1
741,0.5664813830373071,1
742,0.7529526730465605,1
743,0.4130404763490959,1
747,0.334669969767007,0
749,0.3331938919830559,1
750,0.3100378326613237,0
756,0.2758526727185964,0
757,0.4397814679345853,0
760,0.20658732393519175,0
764,0.2920022844262581,0
765,0.3773454764782893,0
766,0.4191812357058575,0
768,0.4432195865858004,0
769,0.3922811865891272,0
771,0.24841567294166905,0
772,0.3157531344885143,0
776,0.2499640252894187,0
778,0.4661979746924476,1
780,0.4496193178288134,1
785,0.5417184461387066,1
789,0.5667206333511065,1
792,0.3132074046962706,0
793,0.3032026246207224,0
811,0.5030965851077852,1
813,0.2979181595290433,0
816,0.2304205810221749,0
821,0.2855052396155384,0
824,0.32807602095060073,0
825,0.2394061374952698,0
827,0.4450501142254797,0
830,0.5788172235905116,1
831,0.5286467996164795,1
839,0.5286467996164795,1
844,0.5030976267991993,1
847,0.5489084628445703,1
850,0.4780169906845945,1
854,0.5489084628445703,1
855,0.4886005575292213,0
858,0.4884004075347771,1
861,0.5489084628445703,1
862,0.2971630492327481,0
865,0.5058459057316874,1
869,0.548253221976428,1
879,0.5734180392521798,1
880,0.730253776193164,1
887,0.5457902705426614,1
889,0.5506193619438988,1
897,0.2883224326110607,0
900,0.6376130852584312,1
901,0.3028696751584314,0
904,0.4368002936363261,1
908,0.38397841924628173,0
909,0.3625987294219335,0
910,0.5506193619438988,1
913,0.4272371223640999,0
914,0.5079250956975365,1
917,0.4190722210165104,1
918,0.5506193619438988,1
920,0.4065981096952228,1
922,0.4186595166526088,0
924,0.4186595166526088,0
925,0.2160900861712033,0
927,0.4265460660919112,0
933,0.2346628073381633,0
937,0.3439742096163394,0
943,0.2493224080914901,0
949,0.4082146616388515,0
950,0.6190704360539273,1
954,0.29202410506957543,0
966,0.3178421730460623,0
967,0.2387874463366056,0
969,0.6169883035993347,1
970,0.7771541683924342,1
973,0.2676196215017405,0
975,0.4060571803819153,0
980,0.2767984809713292,0
988,0.25995638308969865,0
989,0.2841559399020285,0
995,0.32554783629295897,0
1000,0.31492365368480063,0
1003,0.3720014640897894,0
1007,0.2188022063208704,0
1011,0.3559592982477885,0
1012,0.3470056508740482,0
1013,0.4054514004326554,1
1014,0.33450148297243365,0
1016,0.7137156553424628,1
1019,0.3262245271183993,0
1025,0.3176346106667757,0
1027,0.3559592982477885,0
1028,0.521011012185714,1
1030,0.2872066772844315,0
1033,0.6469462971001874,1
1034,0.21803737063148498,0
1039,0.21946165079464067,0
1046,0.2551304571844665,0
1047,0.20403044284973426,0
1053,0.3061965109772861,0
1055,0.2760651340782975,0
1056,0.2019407673204412,0
1059,0.4754659065811573,0
1060,0.19154998395297906,0
1063,0.3195472121869884,0
1064,0.34053857063947257,0
1068,0.2667027988547357,0
1076,0.2991387213443536,0
1086,0.3157702383556539,0
1087,0.1937302806678018,0
1089,0.3363342098967297,0
1092,0.3863697515906541,0
1095,0.31753555771117664,0
1096,0.3537530110363735,0
1097,0.2647482395205292,0
1100,0.2746159853356661,0
1101,0.35378401501288137,0
1107,0.23204060489074835,0
1108,0.20142802024624312,0
1111,0.27328384344904344,0
1115,0.2695289167821463,0
1116,0.4598200754110565,0
1121,0.3646427737424133,0
1125,0.27391179698657475,0
1127,0.2971959170730353,0
1131,0.2584260135832445,0
1133,0.6936683131817863,1
1135,0.3338871648465357,0
1137,0.5288924775601407,1
1140,0.21841594876791046,0
1144,0.2365799035685497,0
1147,0.6860792327560679,1
1148,0.4819477754567784,1
1150,0.3011429296199798,0
1158,0.22373900612145475,0
1159,0.2502703201286246,0
1161,0.2765585532776418,0
1163,0.379636043232116,1
1165,0.31853962334001096,0
1169,0.2801910756522468,0
1171,0.6740091264594215,1
1172,0.2912214452577043,0
1176,0.5606683266018049,1
1180,0.2896978093996426,0
1184,0.4256610655384204,0
1186,0.3319926736642305,0
1187,0.41033019921950775,0
1192,0.2710336359387871,0
1193,0.3390914840961189,0
1194,0.5193424859356379,1
1197,0.35887595854261145,1
1200,0.4257915825838686,0
1205,0.24124784083226036,0
1210,0.2257009097119047,0
1216,0.25332652423680657,0
1220,0.332166456778085,0
1231,0.2324807637883603,0
1233,0.3276524539258313,0
1246,0.28947757253674383,0
1247,0.28488454501580296,0
1248,0.2555224085121767,0
1255,0.253897372203518,0
1256,0.3336919642713877,0
1257,0.22720801258657505,0
1258,0.4423412642115173,0
1260,0.3997811875842948,0
1261,0.22010163630278784,0
1265,0.2949185160581346,0
1266,0.34194489746428125,0
1268,0.30840703993417484,0
1274,0.3115914213720168,0
1281,0.2787317751740075,0
1285,0.33477414167499336,0
1286,0.3220411961188163,0
1291,0.2482914706288769,0
1292,0.23865843532160294,0
1295,0.2355154708273126,0
1299,0.21255116443850736,0
1306,0.3098244048301032,0
1310,0.26559196081154723,0
1311,0.20829614608742186,0
1313,0.29739860515384553,0
1314,0.2545714737596221,0
1322,0.22591388297128,0
1323,0.3739218470909783,0
1325,0.22658365581346135,0
1329,0.24406055014580524,0
1330,0.27469846893382865,0
1333,0.23094172840974475,0
1336,0.3570699918130495,0
1339,0.23321714938343086,0
1342,0.2799775022829625,0
1344,0.2435341854145805,0
1355,0.7535500831981033,1
1357,0.2826891384078574,0
1358,0.4143844637035765,0
1359,0.22127530834175552,0
1364,0.24483555587982775,0
1366,0.3744500511964987,0
1367,0.2518430452576649,0
1370,0.5461753114725321,1
1373,0.2930073827845658,0
1377,0.27533716227051,0
1386,0.22317054955818694,0
1387,0.30646560252843724,0
1392,0.2561902208409325,0
1397,0.20455437220356126,0
1398,0.3357867091480266,0
1400,0.2823318684560093,0
1403,0.3856589098996307,0
1404,0.28324165486817265,0
1410,0.2170044926094156,0
1413,0.3357867091480266,0
1416,0.2430308036283121,0
1417,0.24017963499556946,0
1423,0.22402853115982424,0
1424,0.2430308036283121,0
1426,0.2731659302821362,0
1427,0.3818249222643521,0
1428,0.3202861897845121,0
1430,0.26794691425562994,0
1434,0.2680543885463718,0
1435,0.34189059758801565,0
1437,0.2002810184155666,0
1438,0.2433908144555474,0
1442,0.2575099044264764,0
1446,0.23821735251212836,0
1451,0.2837764655745195,0
1457,0.4245239378876751,0
1461,0.2829010235140375,0
1462,0.3445314263087817,0
1465,0.234712354479898,0
1468,0.21870565138139764,0
1469,0.30049980352970096,0
1471,0.28890198706614983,0
1476,0.23930965232381834,0
1478,0.26332760279190104,0
1481,0.3215404163363442,0
1489,0.2871049067147389,0
1490,0.2932335385328546,0
1492,0.4692923266351974,0
1496,0.20930635022239466,0
1512,0.538113096989998,1
1516,0.31784455277641194,0
1517,0.2668337511981913,0
1528,0.25190723020380074,0
1529,0.2953761502909523,1
1536,0.5381701157300254,1
1539,0.281227069259172,0
1541,0.3198273572231056,0
1542,0.3285595781002714,0
1548,0.6143829229192074,1
1550,0.7520800952576085,1
1551,0.2845041852386377,0
1552,0.3328446282255909,0
1557,0.6429316337580915,1
1563,0.2811072413460352,0
1564,0.3186626542042379,0
1565,0.3233637505761334,0
1566,0.5467818339104454,1
1571,0.5183651581496226,0
1578,0.268895024318764,0
1581,0.30260375167420384,0
1583,0.4281740558509394,1
1584,0.4917229034115217,0
1586,0.6383542065695182,1
1589,0.4729822492600441,0
1592,0.3938676792934776,0
1598,0.6951831044373329,1
1606,0.30353724359427803,0
1612,0.2663475352330334,0
1616,0.5425775064555173,1
1620,0.3782610468279856,0
1624,0.2542220689895517,0
1629,0.7383595991550198,1
1630,0.6245859181960756,1
1635,0.6961796313363786,1
1640,0.7437090466306064,1
1641,0.7019453284049115,1
1642,0.6576482371676413,1
1651,0.6717332038169104,1
1655,0.755435708536105,1
1656,0.6692239960574929,1
1659,0.7140624457029462,1
1664,0.779251241604351,1
1667,0.755435708536105,1
1668,0.7388430719828316,1
1674,0.7135136589937909,1
1678,0.4958347349465585,1
1680,0.7402205393797618,1
1681,0.5911733773030972,1
1682,0.5287670106029065,1
1685,0.5369235579185074,1
1695,0.7680162354626023,1
1696,0.6238954882786721,1
1697,0.5512903559364016,1
1704,0.4616566617810613,1
1708,0.3635072675153213,0
1711,0.7548868171085406,1
1713,0.6072009700497386,1
1714,0.32951105498552,0
1717,0.5565979529142517,1
1729,0.40683984257923306,0
1730,0.2386957552980269,0
1732,0.5669668512842451,1
1734,0.6360284584708717,1
1736,0.5658446593129721,0
1738,0.4075632172692559,0
1742,0.3965370334672997,0
1743,0.4454617266845997,1
1746,0.2622565137716567,0
1748,0.6324809187196465,1
1749,0.35021137785202106,0
1751,0.3502985632338119,0
1758,0.4238288758527717,0
1764,0.5755294656406739,1
1765,0.3150692925664925,0
1777,0.5326761929426878,1
1778,0.26522818866530784,0
1781,0.3765825610761795,0
1782,0.4423010286909642,0
1783,0.3101625173049997,0
1785,0.40077982367827386,0
1788,0.4835312626594949,1
1793,0.6686311458216083,1
1794,0.5676674478154008,1
1795,0.6652455981900246,1
1797,0.566019944885334,1
1800,0.5805830992346194,1
1801,0.6978623666372246,1
1805,0.7054045513587966,1
1806,0.4835312626594949,1
1819,0.4363091136686211,0
1820,0.4161938404029276,0
1825,0.43997120539748813,0
1828,0.321552431465686,0
1829,0.4671451914746663,0
1830,0.450419678118806,0
1839,0.6642645852475689,1
1843,0.3507638076491396,0
1844,0.3339210381410411,0
1846,0.39294297529893607,0
1849,0.3867169898844341,0
1850,0.258813773554358,0
1854,0.2438753870546089,0
1855,0.23806694771239814,0
1858,0.3349028951366601,0
1859,0.2603556598578395,0
1862,0.2584278618667661,0
1867,0.2673057773996204,0
1868,0.33811969768116834,0
1871,0.5463876776981176,1
1872,0.2309590860332203,0
1874,0.6054962991102968,1
1876,0.4254915264829142,0
1879,0.30160896150769234,0
1884,0.4499153200490803,0
1891,0.3792355934620098,0
1894,0.29228527675784544,0
1896,0.532896110404002,0
1902,0.3934245085573805,0
1903,0.2798164838745676,0
1904,0.5261129520457672,0
1906,0.5187106899663354,1
1907,0.4975792026611866,1
1912,0.3422056214797289,0
1913,0.5281828288591741,1
1923,0.5562298354050991,0
1926,0.4843602431603625,1
1928,0.5577035574004366,1
1930,0.6248506894489962,1
1931,0.4440834441823045,0
1934,0.2504512411283525,0
1936,0.32089166915204553,0
1944,0.7174935204945411,1
1946,0.30719452899426003,0
1947,0.3150692925664925,0
1958,0.5742919386256533,1
1964,0.4190981517137473,1
1970,0.5948420719356291,1
1974,0.5552400004673881,1
1977,0.6932832103141029,1
1978,0.4888031287114254,1
1982,0.6415754980801062,1
1984,0.6683340801644475,1
1988,0.5436792083437527,1
1993,0.6993163517730844,1
1997,0.4804796930021373,1
1998,0.6415754980801062,1
2002,0.3950607231474136,0
2004,0.5379460292247151,1
2005,0.6752104242786128,1
2008,0.3307465212091686,0
2011,0.5600205700386549,1
2013,0.3454157396133645,0
2018,0.6238332923689424,1
2021,0.6577495941221599,1
2025,0.3054642520507304,0
2029,0.4215875870552983,1
2030,0.5600205700386549,1
2032,0.2962814983230471,0
2037,0.4258397810513693,0
2041,0.4009090367375817,0
2044,0.41454302914971175,0
2048,0.6238332923689424,1
2052,0.4816375167547946,1
2053,0.421402088611632,1
2054,0.6885055131001862,1
2062,0.28475900874437554,0
2065,0.4554154799838637,1
2066,0.3382216721963709,0
2072,0.5864300227707916,1
2079,0.4908836001748382,1
2080,0.2783630000180031,0
2085,0.465187626280671,0
2088,0.4727152901059807,1
2090,0.5760775123913116,0
2092,0.379316789688706,0
2093,0.3499987617656434,0
2101,0.26865177173537697,0
2104,0.3258918162860048,0
2105,0.2478267764738768,0
2106,0.3891241408711884,0
2107,0.3885219587554712,0
2120,0.4030571921510778,0
2124,0.333201921956895,0
2127,0.2519572129607059,0
2130,0.3609887650220078,1
2132,0.26783527152203124,0
2135,0.3484230129813807,0
2137,0.7186733879770417,1
2140,0.3559892721516601,0
2143,0.3866145135374908,0
2147,0.30946634868738443,0
2151,0.4405350477742491,0
2152,0.3917118738985411,1
2155,0.4531876626630883,1
2156,0.3808276253647901,0
2162,0.34277191995098066,0
2165,0.4683169353834204,0
2166,0.5713625512658859,1
2167,0.44534528061865614,1
2168,0.4511758042141193,0
2170,0.2940576641783305,0
2178,0.7917724123758209,1
2180,0.4734065258131519,0
2182,0.4958870822239863,0
2184,0.3113642219584065,0
2185,0.36436888554228297,0
2187,0.3570025309153605,0
2196,0.5143242361606862,1
2197,0.6503862301704403,1
2199,0.4446206489503134,0
2200,0.3248643795571172,0
2201,0.22711767225084126,0
2202,0.6195990294724415,1
2206,0.4958870822239863,0
2208,0.3097288453794924,0
2218,0.37410545191158895,0
2223,0.5873203342540119,1
2224,0.5860017499693704,1
2226,0.5228774832761294,0
2228,0.590645226269584,1
2232,0.6224671356455437,1
2234,0.648323204663954,1
2243,0.7313344826649111,1
2247,0.4363460357430112,0
2249,0.590645226269584,1
2252,0.7036806254516392,1
2253,0.7336703819143662,1
2259,0.29051402828680045,0
2261,0.2586049482999935,0
2264,0.2668527590062532,0
2268,0.2972253074502569,0
2269,0.2972253074502569,0
2270,0.2896132564286179,0
2276,0.5370204034112402,1
2283,0.3844641128653265,0
2287,0.4712945760478776,1
2290,0.27213517652357594,0
2291,0.3323987139146803,0
2293,0.3657752542989552,0
2295,0.25775363624727826,0
2302,0.5570810134148289,1
2305,0.5032173551160734,1
2310,0.6292126574095885,1
2313,0.6531766062537905,1
2316,0.6531766062537905,1
2320,0.29295954951348346,0
2322,0.5032173551160734,1
2323,0.3756076657883575,1
2326,0.37113332484779404,0
2328,0.6530038037288821,1
2331,0.34345335117774384,0
2335,0.7451284600767142,1
2338,0.5167447621104089,1
2343,0.5564888560124807,1
2344,0.3813544708560467,0
2345,0.3696006043100724,1
2353,0.5785369565408655,1
2355,0.44321668027109934,0
2357,0.4761011123208731,1
2360,0.66178890618554,1
2365,0.31227488102663953,0
2369,0.42624182947331535,0
2371,0.5676021237511467,1
2378,0.3784972996734528,0
2380,0.3202689411922043,1
2381,0.2967548124998597,0
2383,0.738629139842754,1
2384,0.5816993924770197,1
2392,0.454766939602741,0
2393,0.5070779044572323,1
2401,0.5804808608119063,1
2403,0.3022937278731689,0
2404,0.3753572149250892,0
2405,0.3731535264040664,0
2407,0.2332598779447554,0
2411,0.22645146799780416,0
2424,0.2878484707025315,0
2426,0.2953010601187028,0
2431,0.2547794041994164,0
2433,0.3809054337312327,0
2434,0.333319842807042,0
2436,0.3689563925245525,0
2439,0.4566135855361544,0
2444,0.314483490872601,0
2447,0.3252004107221779,0
2448,0.3597299031746041,0
2449,0.2312402677672699,0
2450,0.34357426053202583,0
2461,0.534089891672045,1
2469,0.2707187555196193,0
2472,0.3529625930221811,0
2473,0.3753946474748953,0
2474,0.2453014421723509,0
2477,0.33024308912166983,0
2481,0.7019117270127118,1
2484,0.3885539469317739,0
2495,0.38831848598612667,0
2503,0.247203176670948,0
2509,0.4969633583799001,1
2511,0.7378265968491278,1
2518,0.7623098870384604,1
2522,0.7320012599340602,1
2525,0.7485944880536722,1
2526,0.5382092911356934,1
2529,0.5747792533068289,1
2533,0.5095543634866836,1
2549,0.3460551455976545,0
2551,0.4480155348077197,0
2558,0.5033151455097703,1
2562,0.6996309271165938,1
2563,0.2730116778656099,0
2567,0.3129553019241253,1
2574,0.7431578448813287,1
2577,0.6009303901081251,1
2578,0.4249186769251785,0
2580,0.4346009488685093,0
2581,0.2971868272555713,0
2583,0.6296166128753364,1
2584,0.2517407268613329,0
2586,0.6307788057656799,1
2589,0.5140430603732419,1
2595,0.3095778315426685,0
2596,0.6014295027304183,0
2600,0.7468646740330025,1
2601,0.4361374179448497,1
2607,0.2645373004067168,0
2610,0.3365796342652668,0
2613,0.22098900893235807,0
2615,0.3131555601260202,0
2618,0.3419886207287948,0
2620,0.4896399619233534,0
2623,0.6976092280302116,1
2626,0.3633018383559025,0
2630,0.4922031304759945,1
2634,0.6855886139825809,1
2636,0.7600954586103825,1
2638,0.281942580111784,0
2639,0.6044464364632397,1
2646,0.3222503161514684,0
2650,0.7278004646342561,1
2652,0.2728949797257864,0
2653,0.3682307241976924,0
2654,0.2504778667364705,0
2662,0.28593102017319144,0
2665,0.3275483982747848,0
2669,0.3995530477413295,0
2674,0.23623983094112594,0
2678,0.32910756075006026,0
2681,0.22009148366286052,0
2685,0.230627303514442,0
2686,0.2942606233427803,0
2690,0.25927197588968737,0
2697,0.2773572056140746,0
2699,0.24899665771405105,0
2704,0.3064463784324025,0
2705,0.3898195962727287,0
2710,0.2596681583889233,0
2712,0.26590011130103075,0
2713,0.299904140871463,0
2716,0.24746432103927254,0
2717,0.2886718115530555,0
2718,0.2882687371174112,0
2721,0.3769484450035071,0
2722,0.4330311072012173,0
2735,0.4044254671039546,0
2737,0.27369066116684354,0
2738,0.3082555110174006,0
2742,0.4788305848480802,0
2745,0.3634881914349895,0
2746,0.28526454904136084,0
2747,0.4001550219815223,0
2750,0.2146122527738644,0
2751,0.2308880659166624,0
2754,0.2893616737639074,0
2762,0.6899374369640561,1
2764,0.2302023352159419,0
2772,0.2802118501378444,0
2775,0.3545193930835212,0
2776,0.23544687466393344,0
2779,0.25274696011293896,0
2781,0.2439110523207609,0
2789,0.29901260312303274,0
2790,0.3923438284314888,0
2791,0.23558470893149006,0
2798,0.4559973177345832,0
2800,0.3147827324070035,0
2804,0.5788956136370145,1
2805,0.3961434960347278,1
2806,0.4784759466483324,1
2809,0.5886154395086673,1
2810,0.5251938806361103,1
2812,0.4332342652705612,0
2814,0.7593795386371954,1
2816,0.5093691267724889,1
2818,0.6654761629111656,1
2823,0.4595910971657191,0
2824,0.7361411828416079,1
2834,0.7175722898789073,1
2837,0.3783932139691282,1
2840,0.5045364022375171,1
2845,0.7493791207258543,1
2847,0.7123961057377163,1
2848,0.46168832629751705,1
2850,0.5484097403383332,0
2859,0.538641591596966,0
2862,0.3193360541497411,0
2868,0.6760849313838714,1
2874,0.4233578931272766,0
2876,0.4626607306761873,0
2892,0.5343392365796417,1
2894,0.515213776989628,1
2897,0.392792500818401,0
2901,0.537583330757865,1
2903,0.3691728910996764,0
2904,0.2878664534772269,0
2906,0.26428121827754303,0
2914,0.5471880377854568,1
2918,0.2507478638359392,0
2919,0.2810566911878031,0
2923,0.4913406469649632,0
2926,0.2579597789016297,0
2928,0.33236272119867544,0
2930,0.3904576956231873,0
2938,0.6569700669894679,1
2940,0.3744666731676794,0
2949,0.3643534286582804,0
2951,0.3446275176415882,0
2958,0.2829010170524284,0
2961,0.3857081193193256,0
2962,0.4071063159725447,0
2964,0.5136483560834522,0
2966,0.2710111651584256,0
2967,0.2691894203424897,0
2968,0.3597707088986726,0
2972,0.287867150229557,0
2977,0.2414388660620916,0
2978,0.3571058927504365,0
2979,0.324868283577129,0
2981,0.2564768519249456,0
2985,0.3666859728245374,0
2986,0.21341851414463409,0
2989,0.7331134601852267,1
2994,0.2370205590305597,0
2996,0.4148741161310351,1
2997,0.2941745687807911,0
2999,0.2965677446144074,0
3002,0.2675532883943891,0
3007,0.4964473516803046,1
3008,0.22323323004127493,0
3017,0.32654932605278103,0
3020,0.28204801463125884,0
3024,0.3424577509508848,0
3028,0.27507048086116104,0
3031,0.4145045209742527,1
3032,0.5943950563992481,1
3033,0.33961843983231105,0
3035,0.5491496697359198,0
3040,0.50269553535891,1
3041,0.43708732840647857,0
3046,0.3161937852268679,0
3050,0.2566972781566161,0
3063,0.6105083097494919,1
3065,0.38548082947445617,0
3067,0.6105083097494919,1
3069,0.41312584317511386,1
3076,0.4710158955535827,1
3078,0.5270350581994937,0
3081,0.2759888633317897,0
3087,0.4794133654014609,1
3088,0.6152462738534323,1
3094,0.2953948022997594,0
3096,0.6741541725785323,1
3098,0.5908673084075741,1
3103,0.5869279926437712,0
3110,0.6512576284565045,1
3113,0.7435525638710788,1
3121,0.7312144702610952,1
3127,0.7000804062715172,1
3128,0.6083788679686994,1
3129,0.7002697856031498,1
3135,0.7705111132946543,1
3143,0.6600195847897924,1
3146,0.7111962599006406,1
3148,0.6963801214163483,1
3149,0.5425259138159889,0
3151,0.6801902475144458,1
3156,0.3538408448568379,0
3160,0.2067164497083974,0
3164,0.3165671040927522,0
3169,0.3459048674463686,0
3178,0.4070583937493295,0
3187,0.39230285920086944,0
3194,0.4926458004381796,0
3202,0.5879987284929719,1
3203,0.32013588813939514,0
3204,0.39284502868681626,0
3206,0.6329491197477328,1
3207,0.3243178218418629,0
3208,0.31186472937119136,0
3209,0.6171855378500629,1
3213,0.33676670555767874,0
3214,0.3826737842237745,0
3215,0.3805901813461395,0
3220,0.29955609326556953,0
3223,0.32013588813939514,0
3224,0.3130490316632671,0
3226,0.30548917373905793,0
3228,0.41116558107683465,0
3230,0.3764204690549336,0
3232,0.26888396603002473,0
3233,0.2767941506630329,0
3234,0.44636171272811787,0
3238,0.30800180227670365,0
3246,0.2945704524778353,0
3247,0.6511385456176785,1
3250,0.4410163024315696,1
3251,0.4305890611476945,0
3254,0.400795885561384,0
3257,0.625984332218208,1
3258,0.5699185075830725,1
3261,0.5198719205819599,1
3267,0.5531739404028608,1
3268,0.41145333565068815,0
3269,0.33025416222932524,0
3271,0.2771146826426608,0
3272,0.37210218343846857,0
3273,0.27837023801979643,0
3279,0.3391297644161409,0
3290,0.300639437945572,0
3291,0.6099514117631951,1
3293,0.3656146792310353,0
3294,0.2983089506357504,0
3298,0.2656763576583102,0
3305,0.660684152070673,1
3306,0.4602945486393207,1
3307,0.2462591687748774,0
3310,0.2321680145309264,0
3313,0.2254502648954028,0
3314,0.2321680145309264,0
3315,0.2725900880919715,0
3316,0.2210338875496196,0
3321,0.6294988477974417,1
3325,0.2620758635890364,0
3326,0.3698971332567941,0
3327,0.2860105362231157,0
3330,0.6913954075553914,1
3331,0.6369616783537936,1
3332,0.4048634918084984,0
3333,0.3767760511773191,1
3343,0.3313153294694812,0
3344,0.2320342235692179,0
3348,0.2543909264185432,0
3349,0.2321680145309264,0
3350,0.2309348567568951,0
3352,0.28021143656651065,0
3353,0.4056901857168104,0
3354,0.35450142518864497,1
3358,0.7280471981680791,1
3360,0.4880296261544002,1
3366,0.3869796712720073,0
3371,0.4525765738723611,1
3374,0.42578520963195743,0
3375,0.3572466279826618,0
3378,0.6012989870494074,1
3382,0.4107585892588606,0
3384,0.3144754472146628,0
3385,0.5332579789722256,0
3386,0.2759683651665623,0
3392,0.3926226993322102,0
3399,0.5942074794387762,1
3407,0.2627332439171649,0
3409,0.2627332439171649,0
3416,0.6437706096282692,1
3420,0.3163605329907472,0
3422,0.7634870596261742,1
3424,0.2627332439171649,0
3426,0.7216745559201766,1
3427,0.3366508089666137,0
3434,0.28713567808126594,0
3438,0.2627332439171649,0
3441,0.3619810534514122,0
3442,0.5524546145309404,1
3443,0.5376574071740474,1
3444,0.3761758477375456,0
3449,0.3366508089666137,0
3453,0.5459934149059988,1
3454,0.3315233232639462,0
3456,0.6405590345158506,1
3457,0.3948443576753615,0
3458,0.6247122701111854,1
3461,0.6147253508238419,1
3467,0.4413531080231013,1
3479,0.3392674210570367,0
3488,0.39339322402558974,1
3491,0.5625163720620527,0
3496,0.6554647984951638,1
3502,0.5610162578916379,1
3507,0.6734288565112172,1
3511,0.5368545553745452,1
3515,0.7672117086132604,1
3516,0.6021145690461196,1
3538,0.5050544481222947,1
3539,0.6437881767480005,1
3541,0.5953412306917761,1
3545,0.521818043073764,1
3546,0.7672117086132604,1
3547,0.6845572686410162,1
3551,0.7506450011827049,1
3553,0.3236265059912299,0
3556,0.406332304838874,0
3558,0.4205997453998438,0
3559,0.30377951719043184,0
3561,0.22308315834192224,0
3562,0.4618733046689736,0
3563,0.3916223620307826,0
3564,0.417370228337792,0
3571,0.3120935992565381,0
3574,0.3300014692902929,0
3576,0.2846961906689359,0
3577,0.2745433892968118,0
3579,0.376832028888698,0
3580,0.4786510212889348,1
3586,0.24864478859154016,0
3590,0.5508437458151221,0
3599,0.4174385961916152,0
3600,0.2900186736868768,0
3601,0.2633462480557195,0
3605,0.3772743910731801,0
3606,0.3059948380442822,0
3612,0.3078254077494004,0
3614,0.30511634963220835,0
3615,0.28099610753089665,0
3616,0.2527393011595783,0
3620,0.5799478723450736,1
3622,0.2657664591245116,0
3624,0.3208611315190819,0
3630,0.2716418074743389,0
3644,0.2385262524528328,0
3649,0.3424353551238719,0
3651,0.2579882448535204,0
3654,0.2873786597592066,0
3665,0.24406648036507603,0
3668,0.34822931778642185,0
3671,0.25920726276871203,0
3672,0.3528171813254363,0
3673,0.2665885539875916,0
3677,0.3549835727431435,0
3678,0.3653104145860609,0
3687,0.48241766467040503,0
3688,0.2804990210997749,0
3693,0.3629734591067205,0
3698,0.2969523736757914,0
3699,0.7196075515690087,1
3701,0.7267300709513288,1
3703,0.2463223047637996,1
3706,0.3739698649442862,0
3707,0.29147230111433553,0
3709,0.6052431871434932,1
3711,0.4808699510782389,0
3714,0.3985325304456129,0
3716,0.2463223047637996,1
3720,0.6948466959492047,1
3728,0.6193117569671427,1
3731,0.3538745749533871,0
3732,0.24992799935298296,0
3733,0.6813195498429919,1
3734,0.36411704178990056,1
3740,0.4247550806941789,0
3746,0.3756754867586064,0
3749,0.4285996950669621,0
3751,0.4767764983865311,0
3755,0.3204057339220924,0
3757,0.31560761460559045,0
3762,0.6580855040218802,1
3767,0.2562473351623466,0
3769,0.27178517276290265,0
3779,0.35396468516110496,0
3781,0.5263410421004981,1
3782,0.31198864921728936,0
3783,0.40794901436591213,0
3784,0.5603339292878216,1
3790,0.5252529923979157,0
3791,0.6580855040218802,1
3792,0.6112025840027586,1
3794,0.5701225154033793,0
3799,0.32462417594310017,0
3801,0.3936116058445057,0
3804,0.4608923525979883,0
3808,0.3360618949002654,0
3809,0.3158754012722801,0
3811,0.3175264872884389,0
3813,0.2318820200990753,0
3817,0.4174050180524051,0
3818,0.483520629299215,1
3823,0.2755998113650086,0
3843,0.3397761537129426,0
3844,0.3936116058445057,1
3846,0.3404413061301059,0
3847,0.36185250168224775,1
3852,0.32878657631407904,0
3854,0.37609016994225175,0
3856,0.4016341471153989,1
3863,0.3844555847818028,0
3865,0.5107451016076018,0
3867,0.4046654500532788,0
3871,0.37609016994225175,0
3872,0.37609016994225175,0
3878,0.37609016994225175,0
3880,0.2786550022524503,0
3881,0.4046654500532788,0
3882,0.6038644276522371,1
3883,0.2239311850875211,0
3884,0.6739280235412842,1
3885,0.33786448462997937,1
3886,0.37605977942271396,0
3890,0.3956483165186157,1
3891,0.6606635965723372,1
3898,0.750396996197343,1
3902,0.3639044879909876,0
3909,0.3414219079455306,0
3910,0.3925940902264141,0
3912,0.33097194362047705,0
3915,0.7593336736082146,1
3918,0.2689713480395313,0
3920,0.7593336736082146,1
3925,0.2316794355488095,0
3928,0.27057368605365106,0
3929,0.3233718341750912,0
3930,0.7593336736082146,1
3931,0.330083626118484,0
3934,0.3358674423789517,0
3939,0.3011200766385332,0
3941,0.2455352371080797,0
3942,0.5104984295479724,0
3943,0.4463774708490012,0
3946,0.40017398441994206,0
3963,0.42342996407798256,0
3965,0.4905149130017597,1
3966,0.497299929257657,1
3971,0.3865460758174086,0
3972,0.5197836790906114,1
3974,0.3233557510317643,0
3976,0.6418096425326851,0
3978,0.385317632304358,0
3981,0.5562934580975829,1
3985,0.4541332155282077,1
3986,0.4523169880813415,0
3987,0.6125610234730945,1
3988,0.7402631513450981,1
3991,0.69516428698608,1
3999,0.6645940819934186,1
4001,0.2756438216355134,0
4002,0.6328514828837821,1
4004,0.5733541774203699,1
4007,0.3530831916155515,1
4009,0.3668162249656771,1
4013,0.4788506418402149,0
4015,0.4511508690434722,0
4016,0.4447029582098917,1
4023,0.3571579714341101,0
4031,0.5501713693878917,1
4035,0.5754758266876678,1
4036,0.4788506418402149,0
4037,0.3749887739511851,0
4040,0.7502948656417401,1
4048,0.4963910329585124,1
4053,0.7162878490788527,1
4056,0.7162878490788527,1
4059,0.4019560004668851,0
4066,0.6639326597916586,1
4067,0.5761234927590315,1
4069,0.4676740911258138,1
4070,0.4816007286965249,1
4071,0.5696391162646782,1
4073,0.7569638435966709,1
4074,0.5689088621398402,1
4075,0.4482149904945727,0
4082,0.7162878490788527,1
4090,0.2798386209766374,0
4099,0.6637085181755238,1
4102,0.6912162349313226,1
4106,0.3156010033206057,0
4109,0.5684684205612999,1
4110,0.4746216206149739,0
4115,0.3657496327850148,0
4118,0.6637085181755238,1
4120,0.6996114262718203,1
4125,0.6569964605696745,1
4126,0.4914731333800071,1
4130,0.7446652792315771,1
4134,0.6411603322453645,1
4136,0.4585757111152917,1
4137,0.6610324140004069,1
4144,0.32061791892825703,0
4148,0.2547403108244743,0
4151,0.3192669641475089,0
4155,0.2440759546519041,0
4162,0.3029106614040968,0
4165,0.3992114062266103,0
4169,0.33557791007964505,0
4174,0.2118518485350271,0
4179,0.379360908413288,0
4185,0.28214190531282224,0
4186,0.2608890584579285,0
4187,0.44698049389716016,0
4188,0.2795915962239692,0
4190,0.3321052161815453,0
4192,0.2168279614996768,0
4193,0.31054906166773305,0
4194,0.3853955226618253,0
4195,0.2366014606021432,0
4196,0.2429852543763195,0
4207,0.7352934257849494,1
4208,0.6778421160029188,1
4215,0.7352934257849494,1
4217,0.7059456021314259,1
4222,0.3750775461741709,0
4223,0.7658994903117302,1
4226,0.5078067256110629,1
4228,0.5332332708252416,0
4229,0.32717509027425634,0
4231,0.7545722507557242,1
4234,0.3486034411553548,0
4236,0.4026352202985411,1
4249,0.2572879536829837,0
4254,0.4502504412785464,1
4258,0.5864313523664386,1
4259,0.2631900828294329,0
4263,0.26154932030853595,0
4267,0.253402895669452,0
4277,0.4090849236315337,0
4278,0.2448138659295393,0
4280,0.2448138659295393,0
4283,0.3209574170918243,0
4285,0.5248178439109187,1
4286,0.5248178439109187,1
4287,0.2448138659295393,0
4290,0.6373079666181191,1
4291,0.2641447636306634,0
4294,0.4384540412976705,0
4302,0.2859076661185779,0
4308,0.42365338330677293,0
4310,0.2953255085247232,0
4311,0.5312274418985841,1
4315,0.4567732401328096,1
4316,0.2130318852121152,0
4319,0.3926719508018238,1
4331,0.2960680623373454,1
4338,0.482967559640544,1
4339,0.4148149392150538,1
4340,0.5912953163709893,1
4344,0.2757690102115564,0
4346,0.5857828832757733,1
4347,0.7026332464044921,1
4360,0.7553446972302303,1
4364,0.6268785771132278,1
4367,0.41094234796070417,0
4369,0.5968641988447559,1
4370,0.5002890250031586,1
4371,0.4618160779002779,0
4380,0.5922803390044217,1
4386,0.6344113085587664,1
4389,0.7444857186265209,1
4390,0.7356332458064723,1
4394,0.6261764631242925,0
4399,0.2425391747116976,0
4400,0.2956195376868609,0
4404,0.2545499233471749,0
4409,0.26063652100749457,0
4414,0.25587765262968143,0
4417,0.3457139401814188,0
4418,0.2353812659719263,0
4419,0.2654377823033631,0
4420,0.2372196846431179,0
4422,0.3171919279076439,0
4429,0.31258194506694764,0
4431,0.24668587641893786,0
4433,0.30125754862421394,1
4434,0.2962972090731158,0
4439,0.2282094069416369,0
4443,0.28956754844769994,0
4446,0.2283358571473821,0
4447,0.25587765262968143,0
4453,0.2291359506455239,0
4460,0.42790041927839145,0
4461,0.7170478655293848,1
4462,0.265196104852109,0
4467,0.4026280450605912,0
4469,0.6936106017137063,1
4473,0.27350596693279866,0
4474,0.4333569942194154,1
4475,0.2502207287418009,0
4477,0.3661813829788171,0
4481,0.1975826731667341,0
4483,0.2315512880355841,0
4484,0.3636957206526593,0
4485,0.3458145737507391,0
4495,0.28507189582745035,0
4497,0.26737334906726273,0
4500,0.4913591948150012,0
4501,0.3099367692347165,0
4502,0.2421930982186661,0
4505,0.3641600828333656,0
4506,0.36898121806907197,0
4510,0.2421930982186661,0
4512,0.5017049131937624,1
4513,0.4628629571307969,1
4532,0.38178036468436216,0
4535,0.3823394117843245,0
4536,0.3647151220845603,0
4540,0.4011442295586131,0
4545,0.4727943129003964,1
4552,0.5969496934520551,1
4554,0.4344961534021102,1
4555,0.2610990555911924,0
4558,0.41604533900541146,1
4559,0.4190237901928676,0
4560,0.3920030633655961,0
4566,0.437092118556042,0
4570,0.5159711377640696,0
4572,0.2696303214001517,0
4574,0.3028266697802796,0
4581,0.4344961534021102,1
4583,0.6386644693778555,1
4586,0.6060664201371497,1
4591,0.7407821996941477,1
4594,0.4291916848958067,0
4603,0.5885997524781971,1
4605,0.274516333375827,0
4612,0.6389404928469116,1
4613,0.5236624037083012,1
4615,0.4716456601759228,1
4618,0.4471916955487129,1
4621,0.3214586665632709,1
4623,0.3786034030927884,0
4626,0.3770356974199197,0
4629,0.5179666404182195,1
4633,0.39665320464073617,1
4636,0.3958526274842118,0
4638,0.3958551685021875,0
4640,0.4487257855753897,1
4643,0.3405047273128637,0
4645,0.3844165906171554,0
4647,0.30744707824040873,1
4648,0.2517596771247403,0
4651,0.2474112825024351,0
4652,0.4542884418670145,0
4653,0.3840337436002672,0
4654,0.659344980070164,1
4660,0.2408047720246857,0
4662,0.2408047720246857,0
4663,0.28461967609075384,0
4665,0.30314853857583823,1
4668,0.2341112357232611,0
4676,0.23260489907577175,0
4683,0.7584783441569065,1
4685,0.6005056276536005,1
4686,0.2474112825024351,0
4701,0.5646093635579843,0
4718,0.38327574711992696,0
4721,0.2798523650230072,0
4727,0.2390156146485861,0
4728,0.6550826978160388,1
4733,0.4551629363147128,1
4741,0.3832524873678156,0
4743,0.6035680034760793,1
4746,0.4840228729134733,0
4751,0.4941661333892973,1
4756,0.7077604683674268,1
4761,0.28919961514146864,0
4763,0.410654145946714,0
4764,0.543388880282515,1
4767,0.7211945909343276,1
4772,0.6061188814093939,1
4776,0.7552216288472825,1
4780,0.6651011574196835,1
4781,0.7035439657214814,1
4792,0.7704081840008854,1
4796,0.5660991536253571,1
4801,0.7443603715557423,1
4804,0.4649615502194688,0
4805,0.7015563843575798,1
4806,0.741809049496139,1
4811,0.4576447721146885,1
4815,0.4711964338870323,1
4816,0.6756191325663414,0
4817,0.7110787709103092,1
4818,0.31062810154194753,0
4822,0.4657257509857878,0
4824,0.5591825173650256,1
4827,0.6307131662627076,1
4837,0.3210973778191445,0
4838,0.7282354010020027,1
4839,0.7189221702268775,1
4841,0.6308452465100116,1
4851,0.5470856393712633,1
4855,0.6719650809549153,1
4861,0.29546153892560784,0
4862,0.31878483310358713,0
4863,0.23818423990650414,0
4865,0.4594236163317288,1
4871,0.2078004696134136,0
4873,0.3457853950540903,0
4880,0.3296417329622676,0
4885,0.3756589002296775,0
4886,0.35912189306248543,0
4902,0.2462055181716836,0
4904,0.3048673805541633,0
4907,0.3482527763540257,0
4916,0.4069816429666757,0
4921,0.6413406682701891,1
4925,0.22114735700444665,0
4927,0.2590711160956473,0
4928,0.32759232807717154,0
4930,0.2408740215624829,0
4932,0.32365123513968186,0
4933,0.3483237670439783,0
4937,0.6901740880355348,1
4939,0.4564491848397417,1
4941,0.3000382993715073,0
4942,0.216054460020226,0
4947,0.3689442620537043,0
4949,0.2408740215624829,0
4950,0.4178189885548951,0
4956,0.3555645331822114,0
4960,0.3750280257393516,0
4963,0.5860249928701171,1
4965,0.5129919413810397,1
4976,0.21814851698955792,0
4977,0.21814851698955792,0
4987,0.3326644174388144,0
4991,0.6460196236596328,1
4994,0.22322486074761927,0
4999,0.5364978771459408,0
5003,0.7853613492079559,1
5006,0.24472940025122356,0
5009,0.4523959904431168,0
5011,0.4821522574070161,1
5012,0.4681566996825432,0
5014,0.4804248904616468,1
5020,0.2557175806021125,0
5021,0.41858492657458185,1
5023,0.4628197473650466,1
5026,0.3882640434077033,0
5030,0.3944202451269957,1
5031,0.6092794515942126,1
5036,0.5481476153110727,1
5042,0.4085775621354665,0
5045,0.6580020151672606,1
5048,0.6580020151672606,1
5051,0.4280315722454392,0
5053,0.4552911974487402,0
5054,0.3947076025649248,1
5057,0.2559207738240963,0
5058,0.3829523933705791,0
5066,0.7231393383529644,1
5070,0.7435322510255052,1
5077,0.6958486750302417,1
5081,0.6748401221148856,1
5084,0.3207022078479833,0
5086,0.3797749214785501,0
5090,0.6877203316701889,1
5091,0.5761933311972111,0
5093,0.3723523517383514,0
5100,0.7005561234995663,1
5108,0.7668433633473286,1
5111,0.7588062860234445,1
5112,0.6648159028093018,1
5118,0.43596985557927737,0
5121,0.757230580759082,1
5123,0.757230580759082,1
5129,0.6199220633019068,1
5133,0.37904872801854056,0
5143,0.2613612531115517,0
5147,0.4001050366459783,0
5151,0.6377207471498489,1
5156,0.7214096364038954,1
5158,0.757230580759082,1
5161,0.31616034136655696,0
5163,0.4758179670959874,1
5167,0.6638198257498855,1
5173,0.576096931874605,1
5205,0.43555856223728506,1
5214,0.3128394157885933,0
5215,0.2984820451904603,0
5216,0.30746991050104017,0
5217,0.3634541071669585,0
5225,0.2984820451904603,0
5237,0.26781318567695217,0
5239,0.3890814353786358,0
5240,0.3080554804875385,0
5241,0.2984820451904603,0
5246,0.24503315864182085,0
5250,0.3977271640103897,0
5253,0.2984820451904603,0
5258,0.2921857258599242,0
5261,0.4613158198302274,0
5268,0.3938013541463933,0
5275,0.3071985879196121,0
5277,0.28800077425453313,0
5279,0.379497732511367,1
5288,0.28323470797364697,0
5289,0.3098166681224165,0
5294,0.4860141242782302,1
5303,0.2529013209628789,0
5307,0.3805488596299508,0
5311,0.2676536415588948,0
5312,0.28003698622769696,0
5314,0.4815843113153453,0
5318,0.28576090790728736,0
5327,0.41406137820466943,0
5329,0.364234200515511,0
5333,0.4144592223145917,0
5334,0.2687701131098064,0
5340,0.27529877661058355,0
5348,0.2457387489974721,0
5358,0.2824977705452533,0
5360,0.3047055026300293,0
5361,0.575034893981066,1
5363,0.5110302315585142,1
5364,0.2958861664629308,0
5369,0.6262244979959692,1
5370,0.3862528887293292,0
5374,0.5110302315585142,1
5376,0.6381155180895635,1
5388,0.3167949391149767,0
5390,0.29324398043219324,0
5393,0.6286115890364157,1
5394,0.45768277818309905,1
5395,0.3659376249462785,0
5398,0.5609800462461643,1
5399,0.6305981135704537,1
5401,0.5755288905806849,1
5402,0.650377814287719,1
5405,0.3139089494548464,0
5414,0.3592386860876486,1
5415,0.5124515934573092,0
5419,0.6324512474976075,1
5421,0.3953123715409899,0
5422,0.3266096545707366,0
5424,0.4165425567990652,0
5427,0.5907958183005633,1
5429,0.2867645417181407,0
5431,0.5649501475303152,1
5433,0.4907428059502075,0
5434,0.5939774935389366,1
5435,0.3404263182163905,0
5436,0.462579817284672,0
5438,0.5664375537831094,1
5440,0.5482747308803533,0
5441,0.5733551202292997,1
5447,0.2941968478662816,0
5451,0.5562804383045858,1
5453,0.3961180657975679,0
5456,0.4491039617981405,1
5457,0.480288742174408,1
5463,0.4753196551425806,0
5464,0.3382475218063562,1
5470,0.4747516785464551,0
5472,0.2720989665825382,0
5474,0.24607085559541905,0
5478,0.23457797285774834,0
5483,0.22831914500205724,0
5490,0.4598529757645179,1
5500,0.3027692786253497,0
5504,0.4071301596204821,0
5508,0.2773084581982714,0
5511,0.2322997237422199,0
5512,0.2278322070748001,0
5513,0.2791484300258993,0
5516,0.2208012438556966,0
5523,0.3628682653730354,0
5527,0.2935685762489683,0
5530,0.3783523569434701,0
5533,0.4952011217114866,0
5536,0.261454782973375,0
5537,0.2000706216402009,0
5542,0.5078605840953463,0
5543,0.3168605396380647,0
5546,0.3650949436212858,0
5549,0.24981102819421105,0
5550,0.21234358291837235,0
5551,0.31677264706240543,0
5562,0.2709523039417351,0
5566,0.36526285588346535,0
5568,0.35134964306681404,1
5571,0.6977571134623057,1
5572,0.6872925257897966,1
5574,0.3931200762807587,0
5583,0.26758098626752663,0
5585,0.3931200762807587,0
5591,0.323509394643724,0
5596,0.3931200762807587,0
5597,0.26758098626752663,0
5601,0.6448684959184948,1
5606,0.5037587075807679,0
5607,0.26758098626752663,0
5610,0.2709523039417351,0
5615,0.5979338208287539,1
5616,0.6689623304295761,1
5623,0.25338763903928696,0
5630,0.5165619054149084,1
5636,0.6314861430426392,1
5637,0.7319619525018085,1
5639,0.4770849505100907,1
5640,0.6976642980243197,1
5643,0.5943797610634285,1
5648,0.35252404319438113,0
5649,0.2703988746722922,0
5660,0.2382866190779271,0
5666,0.3398854613459153,0
5667,0.5751536468405993,1
5678,0.6272961555770666,1
5679,0.476130621535,1
5681,0.3039614979735293,0
5682,0.5273175297050428,1
5691,0.6143471274171018,1
5696,0.7996137006637325,1
5697,0.7575871983659294,1
5700,0.4628314223752952,0
5701,0.28746312568844423,0
5702,0.6728779503532626,1
5708,0.6636672873897005,1
5709,0.7206095758050253,1
5718,0.6061401179181743,1
5723,0.4845499195142107,1
5725,0.7333697432835676,1
5728,0.6180110804208141,1
5731,0.5634282647237151,1
5735,0.6547008136586212,1
5737,0.7053014187651888,1
5738,0.4851220669610107,1
5742,0.4755292888485045,1
5747,0.455547155306589,1
5749,0.37607734920596253,0
5750,0.7094995212884598,1
5755,0.4828014833981785,1
5756,0.6895786380027126,1
5761,0.7121198940180866,1
5762,0.7803008049584643,1
5767,0.5499703299452646,1
5768,0.455547155306589,1
5770,0.5466427741446209,1
5773,0.6213065880268436,1
5774,0.4060635269314769,0
5779,0.6624979308460084,1
5782,0.7266634004644521,1
5785,0.5245679901928868,1
5786,0.4062992297970821,0
5787,0.7548958774427936,1
5788,0.649772663596669,1
5796,0.3583778056140016,0
5802,0.312496541487554,0
5806,0.7440188173499334,1
5809,0.2837986303063726,0
5810,0.2826844024703684,0
5811,0.7104212089197329,1
5813,0.6058922721094004,1
5820,0.325515528078266,0
5823,0.3938606117164377,0
5830,0.7693853135711191,1
5831,0.4009526000836566,0
5838,0.6681809144182524,1
5839,0.3792121354663604,0
5844,0.7131860869784694,1
5846,0.4135800198812923,0
5851,0.7004206164479017,1
5852,0.5083761153508214,0
5857,0.2977827464406671,0
5859,0.2708382635498912,0
5860,0.4771603483294101,1
5862,0.3896363432647437,0
5865,0.4434796522559356,1
5866,0.4565263421367874,0
5871,0.7458203087144504,1
5872,0.3485381319248405,1
5877,0.7458203087144504,1
5878,0.5974233701717288,1
5879,0.6570627787044007,1
5880,0.2446243737253053,0
5895,0.30485312395912045,0
5897,0.455097169699915,0
5910,0.4663531394168913,0
5914,0.4362376843885299,0
5915,0.4012836799076588,0
5917,0.4559169496404226,0
5924,0.38007254895162346,0
5926,0.4362376843885299,0
5931,0.4389308652945307,1
5936,0.253433482500588,0
5940,0.2832068349078701,0
5941,0.3010221840516679,0
5945,0.2770850645176658,0
5946,0.2760268588887321,0
5948,0.5660123913951398,1
5951,0.27421606941271776,0
5967,0.5037869707803287,0
5968,0.3897275830262111,0
5969,0.4107174314564371,1
5970,0.4769209678533525,0
5971,0.38317448923699865,0
5973,0.4246577714064117,0
5976,0.29057509429256145,0
5977,0.36224852916868777,0
5984,0.578209750474456,1
5986,0.399363557519646,1
5993,0.4504146731713339,1
5994,0.4265357032341973,0
6005,0.6287834280593481,1
6006,0.642261272142415,1
6008,0.3852112886422864,1
6010,0.6421410869466266,1
6011,0.4603895945708209,0
6014,0.5130347386674593,1
6016,0.422643144458296,1
6018,0.2372779416949309,0
6021,0.401753111514747,1
6025,0.4914332165649733,1
6028,0.3883901298248799,1
6029,0.6091745605136634,1
6035,0.24710543029958085,0
6040,0.378135953228945,0
6042,0.4146136064330747,0
6044,0.3354109960642668,0
6046,0.35024909697200474,0
6052,0.2490189362476489,0
6054,0.7111383989487108,1
6062,0.5375254467018069,1
6063,0.34809931043027864,0
6067,0.7137693321321786,1
6068,0.7182217851625022,1
6077,0.3537164762183497,0
6079,0.2737246208792325,0
6080,0.306343029973318,0
6081,0.4939407064044175,1
6082,0.7137693321321786,1
6089,0.2508359601555041,0
6095,0.21533990265024805,0
6101,0.3233573337629614,0
6107,0.2968924382125357,0
6114,0.21995696332177606,0
6117,0.23583222636714302,0
6121,0.39836506601972704,0
6122,0.29860465743482745,0
6124,0.2537654025586545,0
6129,0.2598129163368986,0
6131,0.414324965277481,0
6136,0.5940011967170795,1
6139,0.3996079564775937,0
6142,0.4189828666693777,0
6143,0.660332345230473,1
6144,0.6901883483950556,1
6149,0.4189828666693777,0
6155,0.6141948029755844,1
6157,0.4396798780035949,0
6158,0.4281674899509312,0
6161,0.5610503223171099,1
6168,0.4298520191820517,0
6172,0.5610503223171099,1
6176,0.5610503223171099,1
6177,0.3873074593101147,1
6179,0.5924672592359679,1
6180,0.6540079236135037,1
6182,0.3605790829223148,0
6186,0.33962499689515285,0
6189,0.4340799321973639,1
6190,0.3807257356759916,0
6194,0.7240727927293956,1
6204,0.25213451519671,0
6205,0.41385125686348906,0
6209,0.2610840619051012,0
6210,0.33962499689515285,0
6212,0.2747171376429119,0
6214,0.7240388365050434,1
6221,0.6524372260469686,1
6225,0.7240388365050434,1
6228,0.27730693092185993,0
6229,0.33962499689515285,0
6231,0.34209189114665106,0
6235,0.4086385131319015,0
6236,0.3000538094605256,0
6237,0.6732308490737335,1
6238,0.2890133873278533,0
6239,0.3000538094605256,0
6242,0.3000538094605256,0
6249,0.3000538094605256,0
6250,0.3000538094605256,0
6251,0.3385624057536197,0
6252,0.6732308490737335,1
6260,0.2768278615131699,0
6264,0.322991388176473,0
6266,0.4286161799014662,1
6270,0.27817575394069183,0
6275,0.3000538094605256,0
6279,0.3479225524116583,1
6280,0.3000538094605256,0
6284,0.3000538094605256,0
6285,0.38996563624652775,1
6286,0.5986379227556248,1
6287,0.6549051868294065,1
6288,0.30356611338426753,0
6289,0.6365839316485601,1
6290,0.44180848507782267,1
6291,0.6898493730716903,1
6295,0.4724180460189151,1
6298,0.6210553008304969,1
6307,0.5781774359775159,1
6308,0.4194991318702107,0
6309,0.6917651416179834,1
6313,0.4856539947182961,1
6316,0.5916747069801785,1
6319,0.3544367333450561,0
6321,0.4282379788480785,0
6324,0.26639134858003016,0
6327,0.6082677668080583,1
6333,0.485849131315125,1
6351,0.7307199406908187,1
6352,0.7337906601882773,1
6353,0.4465555915346034,0
6357,0.7337906601882773,1
6359,0.7313453371369929,1
6360,0.5401564123394856,1
6364,0.5397178259500607,1
6367,0.6852173534541988,1
6368,0.7503320280683592,1
6377,0.7634794681181506,1
6378,0.7634794681181506,1
6379,0.4840309963422626,0
6381,0.7527675302149796,1
6390,0.6955205240182887,1
6401,0.3135747969546596,0
6408,0.4326790515249631,1
6409,0.35655206484907304,1
6411,0.3925187929280096,0
6419,0.3029961173672352,0
6424,0.6985695226350905,1
6426,0.6073017032885664,1
6428,0.2646384454711273,0
6431,0.3139498993128485,0
6432,0.5357193631173975,1
6433,0.4879631289797866,0
6435,0.7912650190541624,1
6437,0.2174001932549484,0
6439,0.7564151930278571,1
6442,0.3289037868459169,0
6444,0.7773697773627051,1
6447,0.6221909563667949,1
6456,0.6272314244268179,1
6457,0.3200352341892376,1
6460,0.3882853095731834,0
6468,0.4457057387691081,0
6471,0.7192863189398409,1
6475,0.5655361804697271,0
6476,0.7959198825188215,1
6479,0.7933294866482701,1
6483,0.7281511331490732,1
6487,0.5456089459200804,1
6488,0.5069135672798893,0
6489,0.2911346116456618,0
6496,0.575600546951886,1
6498,0.4912454199773911,0
6502,0.3897093802767392,0
6503,0.40640340554772864,0
6507,0.5114432190150352,0
6508,0.4641222145744541,0
6509,0.6195949554116362,1
6517,0.4666234784586493,1
6521,0.3668964906392835,0
6522,0.4199443367005816,0
6524,0.3664642847382623,0
6526,0.34292218313101314,0
6531,0.6632450472378888,1
6533,0.35515088677218104,0
6538,0.4364964988124355,0
6539,0.5585001382089038,1
6544,0.7022530262955441,1
6557,0.4973299098515692,0
6558,0.3751446277715277,0
6562,0.2741964168784365,0
6563,0.31803622672357673,0
6564,0.433913238453246,0
6574,0.2908181742987376,0
6578,0.42784324590486295,0
6581,0.3778244253535952,1
6584,0.3598563239006719,0
6587,0.3352393712846476,0
6589,0.34793237137641675,0
6590,0.24723343164184144,0
6592,0.3679842013944685,0
6595,0.4957328108017749,1
6599,0.5108884335103624,0
6600,0.2724849376887922,0
6606,0.37117519258933773,0
6609,0.28740063855741005,0
6612,0.3830434589706999,0
6615,0.3115582859009305,0
6618,0.30090505882793683,0
6620,0.2570585421767921,0
6623,0.2947266397112626,0
6633,0.28148369951577024,0
6639,0.7124904057044906,1
6640,0.5688581166483855,1
6641,0.4850151019186814,1
6645,0.31939541876654026,0
6650,0.3305744927640191,1
6651,0.2960560438403527,0
6652,0.4680335527977929,0
6657,0.35957864718344074,0
6659,0.4170538800816676,0
6666,0.5851377617676786,1
6671,0.4824587719684426,1
6673,0.5782138331594069,1
6674,0.2792639870151375,0
6677,0.3050649595615944,0
6680,0.37917972855105264,0
6684,0.4294803353346402,1
6685,0.3036559796655516,0
6691,0.3592011492938444,0
6692,0.3938953381287141,0
6696,0.6014921682720134,1
6698,0.4948934709062074,0
6704,0.20862041358846195,0
6705,0.3566358812696583,0
6710,0.27484706332655484,0
6713,0.30850108847541924,0
6715,0.2282810843428204,0
6717,0.34203267478571026,0
6718,0.23287743693482466,0
6720,0.27484706332655484,0
6728,0.6624402820725319,1
6732,0.26207192385640593,0
6733,0.3091477200397481,0
6739,0.260558388148994,0
6740,0.3241566139842499,0
6741,0.3223755722529588,0
6743,0.3912078561078123,1
6747,0.27484706332655484,0
6750,0.33414598750955105,0
6752,0.5284756482127976,1
6753,0.4496577454452465,0
6755,0.33414598750955105,0
6761,0.2858039832874395,0
6763,0.5887798463222422,1
6768,0.5065901873241497,0
6770,0.3549958713513721,0
6771,0.3661669760547547,0
6777,0.4496577454452465,0
6778,0.5343988935595918,1
6780,0.222128031189983,0
6782,0.5178529644058047,0
6786,0.33414598750955105,0
6791,0.5887798463222422,0
6797,0.4721367230583245,0
6798,0.4383701038734799,1
6803,0.4629010018631,0
6805,0.31151103034413463,0
6812,0.31151103034413463,0
6816,0.31151103034413463,0
6818,0.31151103034413463,0
6822,0.31151103034413463,0
6825,0.31151103034413463,0
6826,0.31151103034413463,0
6827,0.31151103034413463,0
6829,0.31151103034413463,0
6831,0.2734646917723001,0
6836,0.4279896527632919,0
6838,0.21035523290499408,0
6840,0.2508647146761409,0
6842,0.29652346901261506,0
6846,0.31151103034413463,0
6851,0.43480744492675294,1
6853,0.5807318939348066,1
6856,0.3155418641152668,0
6859,0.462151362461512,1
6865,0.38189771050275945,0
6866,0.3287166523993169,1
6868,0.7388430719828316,1
6869,0.4873022427123863,1
6871,0.7412553795307844,1
6873,0.4123521363108759,1
6886,0.5661989456755341,1
6887,0.3914939295371471,0
6888,0.4594123333026944,1
6889,0.7245593348630368,1
6891,0.3598809359245462,1
6894,0.2856960335823541,0
6895,0.31590546153194865,0
6899,0.7333441240580474,1
6901,0.593692458776079,0
6902,0.543559686941129,1
6904,0.4161223843212163,0
6906,0.3054243270035498,0
6922,0.2518504882354545,0
6923,0.3497535717466565,0
6924,0.4622356441192559,1
6927,0.42395329184127295,0
6934,0.3955844693477871,0
6938,0.39663669961117787,0
6941,0.2988121600060075,0
6942,0.2962873360776894,0
6944,0.2729834525471017,0
6947,0.5210512782248801,1
6952,0.5862945404329902,1
6957,0.33007347084169164,0
6958,0.7310833889483843,1
6964,0.4933628159905725,1
6968,0.24001341082244024,0
6969,0.7591042833023927,1
6976,0.5173798248680506,1
6982,0.4460381909313112,1
6986,0.5367864454205387,1
6987,0.7210599036702015,1
6989,0.3889230663015581,0
6991,0.5954901773549208,1
6993,0.44070328319208907,1
6995,0.24637988513675496,0
6997,0.3035312698232616,0
7000,0.22581443788917185,0
7003,0.2822826714319713,0
7004,0.21390799444814693,0
7007,0.6583992274760153,1
7011,0.3097802745519165,0
7014,0.2880937936997735,0
7016,0.31955065344003514,0
7017,0.3706567646309854,0
7020,0.3347719657666974,0
7022,0.24637988513675496,0
7028,0.24637988513675496,0
7033,0.5145498012835943,1
7034,0.3751730310913862,1
7035,0.2287825863373993,0
7038,0.2822826714319713,0
7040,0.24637988513675496,0
7041,0.22581443788917185,0
7042,0.366823582596907,0
7045,0.3101566564985346,0
7049,0.2842917284276861,0
7055,0.503588910964538,0
7057,0.33504282483062314,1
7062,0.22645324381069504,0
7064,0.32219564851840826,0
7066,0.2942315381500874,0
7067,0.32308765589963856,0
7072,0.3192061078552665,0
7079,0.2926533127006147,0
7082,0.33493055318967946,0
7083,0.3405847982428296,0
7084,0.26830902458243955,0
7085,0.4495447643068971,0
7087,0.3459916772162682,1
7090,0.5551372136517847,1
7094,0.33252817014741626,0
7096,0.5660960560302484,1
7099,0.4700794994042213,1
7100,0.37740682225555344,0
7101,0.6139705132560211,1
7102,0.5192473234097028,0
7103,0.19821496085995302,0
7107,0.4986666461722445,1
7110,0.19821496085995302,0
7113,0.5988614761638841,1
7117,0.2650517551548076,0
7119,0.2270865081452945,0
7123,0.5529440923490954,1
7127,0.2711153483916718,0
7133,0.6810499900690818,1
7139,0.4578601591761951,0
7143,0.4720011169037753,0
7145,0.2607595019373468,0
7151,0.7030275966228273,1
7152,0.4075529895941471,1
7153,0.35498354156856066,0
7156,0.313448325213724,0
7162,0.2675708045609028,0
7170,0.4975272714520866,1
7172,0.3169942819522813,0
7177,0.3579180536531761,1
7181,0.2699382626876634,1
7182,0.35472018202357003,0
7189,0.3086194128940406,0
7190,0.35882935432831464,0
7200,0.5091874382320845,0
7207,0.6451496093028339,1
7209,0.6091660918954893,1
7212,0.5645312570475562,1
7216,0.2660508044167032,0
7217,0.6645940819934186,1
7219,0.6840478623745387,1
7220,0.30431531750969754,0
7222,0.5786869142016421,1
7225,0.5433909437061926,0
7233,0.29630752396878063,0
7237,0.4323920643856445,0
7238,0.534662310991872,1
7239,0.6101765900065377,1
7240,0.3547794756089913,1
7243,0.3805368633543621,1
7245,0.5392544708838616,1
7246,0.527008459740371,1
7249,0.5856395457013717,1
7257,0.6153937854355495,1
7258,0.4869834051222609,1
7259,0.757302082315019,1
7262,0.6056375413205977,1
7263,0.7306759137844319,1
7269,0.6096863737346461,1
7271,0.7248378359858559,1
7273,0.7306759137844319,1
7276,0.670348684186145,1
7279,0.6610003109999836,1
7282,0.6847764630959334,1
7284,0.6561335851599115,1
7293,0.4259240163247357,1
7298,0.5713462282742684,1
7303,0.5227264212180801,1
7304,0.3769231407389707,1
7305,0.2497276776081321,0
7308,0.6201574532271579,1
7313,0.4883368075722127,1
7314,0.5884888159315775,1
7321,0.5883042023628324,1
7322,0.4203595969330121,1
7327,0.4871183687887644,1
7333,0.3890690493211536,0
7336,0.5792611422356276,1
7339,0.7236044061303091,1
7341,0.6928976709859398,1
7346,0.2573638859324815,0
7347,0.3775197207891919,0
7349,0.5677693169358927,1
7351,0.2079229508653299,0
7353,0.24069306522142714,0
7363,0.2481472669474332,0
7364,0.22422235630804616,0
7368,0.31147978737257503,0
7370,0.4948065002703809,1
7375,0.2809696085346333,0
7376,0.5281650701618898,1
7379,0.35027010712303924,0
7382,0.35391828265366604,0
7384,0.2184929386188537,0
7385,0.31240966522033353,0
7387,0.2370934789484612,0
7388,0.3497002721677249,0
7389,0.22563977579715366,0
7394,0.2429654932090665,0
7396,0.375942483203675,0
7398,0.4276569799739683,0
7399,0.3142422689407951,0
7401,0.3097396201828869,0
7404,0.3334192206825656,0
7406,0.2948728828953518,0
7409,0.34600912143792945,0
7411,0.3297972527545497,0
7417,0.3222179649070679,0
7420,0.2575248402013044,0
7422,0.2139444818869575,0
7423,0.305441956239047,0
7427,0.4153057059253941,1
7429,0.2539920089197046,0
7432,0.3110310664157755,0
7435,0.2641496933629547,0
7436,0.5687977521185268,1
7440,0.6729984599561913,1
7441,0.2874703273330597,0
7445,0.34211342519270554,0
7448,0.34939144986432696,1
7449,0.3999420251412011,0
7450,0.2895867594295528,0
7454,0.34977560335342545,0
7455,0.4507776592710721,0
7460,0.2618182746753149,0
7462,0.44413802840486094,0
7464,0.2780591186088842,0
7466,0.2176865948803565,0
7468,0.4419114816153885,0
7469,0.2176865948803565,0
7471,0.3134412296368964,0
7472,0.3424435796060614,0
7483,0.2176865948803565,0
7484,0.2176865948803565,0
7485,0.4473129843252732,0
7486,0.3252774328647388,0
7487,0.2630749956333719,0
7489,0.5869371627506144,0
7492,0.3673158313272879,0
7495,0.7147828955507796,1
7499,0.7562173808397988,1
7500,0.6104037309834911,1
7506,0.6600507848501835,1
7508,0.5671214407747739,1
7509,0.5546626954919731,1
7511,0.6720756377667584,1
7516,0.7224060985759894,1
7524,0.4607594026302183,1
7538,0.6077365736834285,1
7539,0.7562173808397988,1
7541,0.6720756377667584,1
7546,0.6880672687882159,1
7549,0.7876195132522071,1
7562,0.7876195132522071,1
7564,0.6709392062710409,1
7567,0.541861888963401,1
7572,0.7876195132522071,1
7574,0.7876195132522071,1
7575,0.7876195132522071,1
7586,0.7876195132522071,1
7592,0.6688473015483252,1
7596,0.3641201722618586,0
7597,0.3085006755739997,0
7599,0.2671179626599208,0
7606,0.29774056377715474,0
7615,0.533423583700843,1
7618,0.3355894929079597,1
7620,0.3897226019098631,0
7624,0.3641201722618586,0
7625,0.3641201722618586,0
7629,0.4031765124806276,0
7632,0.555835730052443,1
7636,0.5976153005090307,1
7637,0.3907879704160749,1
7646,0.29059846764232045,0
7655,0.3829793486483889,0
7658,0.29797668013299594,0
7660,0.38490337846606776,0
7664,0.3131241613529273,0
7665,0.3010522446731018,0
7666,0.2367112971054515,0
7667,0.5227379463893089,1
7673,0.2680954789527347,0
7676,0.2820837920214981,0
7682,0.29118827603584385,0
7684,0.2852034950446463,0
7690,0.23689870468324306,0
7697,0.2470146979465825,0
7700,0.30350587059853584,0
7704,0.3318988251378615,0
7705,0.2388659080033169,0
7706,0.355303782683625,0
7708,0.2284548054713228,0
7709,0.2766238544110921,0
7710,0.2790514706530628,0
7713,0.26811700416249834,0
7716,0.2682692340439923,0
7726,0.2401755843699322,0
7729,0.3435019744206187,0
7730,0.3641691687986007,0
7732,0.26873797958894363,0
7734,0.3019816839795702,0
7740,0.2284548054713228,0
7741,0.2877572952017908,0
7745,0.7484266742739918,1
7757,0.4023150249140805,0
7762,0.5925310891440663,0
7770,0.7474572524732398,1
7776,0.5579626937312143,0
7777,0.3769584478603933,1
7778,0.7258378179578922,1
7779,0.5071175451760827,1
7782,0.30307288308302066,0
7786,0.6894220449561095,1
7791,0.6253926150345868,1
7792,0.4576503918621384,1
7794,0.3236263325606709,0
7795,0.2725410708559283,0
7796,0.44479401396349577,0
7798,0.20961362294617567,0
7805,0.25329400521242873,0
7806,0.29273058133541063,0
7808,0.3742659918897258,0
7811,0.30332565939217665,0
7814,0.2511324999957154,0
7819,0.25329400521242873,0
7820,0.5578156551227321,1
7825,0.2363869144141127,0
7829,0.3782989450242139,1
7834,0.2312775062401241,0
7836,0.2363869144141127,0
7838,0.4535175338774094,1
7841,0.2918278576041153,0
7845,0.6855688387338166,1
7846,0.3183601035024929,0
7853,0.3183601035024929,0
7856,0.2382730461834004,0
7858,0.21873558042036909,0
7859,0.478909175870797,1
7866,0.407298047532615,0
7875,0.7451159616757059,1
7879,0.3183601035024929,0
7884,0.3314397516784793,0
7886,0.6283372869802977,0
7890,0.2925661685202242,0
7892,0.21873558042036909,0
7896,0.5784462606465406,1
7899,0.672179461939098,1
7900,0.7284723640846746,1
7901,0.5601428238938144,1
7904,0.6698552111211321,1
7911,0.3656450777795088,0
7917,0.2368941581816348,0
7919,0.5728675925940807,1
7920,0.6618250852056982,1
7921,0.7685350190259098,1
7922,0.313849834415615,0
7925,0.7462772415345371,1
7927,0.5683797024499582,1
7928,0.7685350190259098,1
7931,0.2989982957105471,0
7942,0.29142739423326725,0
7946,0.7685350190259098,1
7947,0.376639957890996,0
7948,0.4141684208545032,0
7951,0.4901276423298127,0
7956,0.30012005647537005,0
7961,0.5847196170379145,1
7964,0.6752304814217258,1
7966,0.6874585105673403,1
7967,0.3317381392970036,0
7974,0.7759466649921827,1
7975,0.3313105300172437,0
7979,0.7759466649921827,1
7985,0.7154766727250109,1
7986,0.7590594724073217,1
7993,0.3246808939397489,1
7995,0.7089651037751655,1
7997,0.22502772895133052,0
7998,0.7759466649921827,1
8004,0.7759466649921827,1
8007,0.7759466649921827,1
8011,0.26977177034324035,0
8014,0.6853277144494856,1
8022,0.3065451863053005,0
8027,0.3411047709375308,0
8033,0.5468051838646751,1
8041,0.3065451863053005,0
8042,0.6928901403435784,1
8046,0.5358923600812454,0
8048,0.5548911326399144,1
8050,0.7137538607369592,1
8051,0.6551516170540385,1
8052,0.2950245797317794,1
8053,0.6384989472183686,1
8054,0.5807972989185892,1
8059,0.4828789054305152,0
8063,0.5098013713496817,1
8072,0.4643688418726413,1
8075,0.2320890529660005,0
8076,0.43940302834482586,0
8077,0.7564882351266741,1
8078,0.3823355891964905,0
8080,0.3804883003491908,0
8082,0.2337614901671755,0
8086,0.31410402422711153,0
8090,0.5180586098176421,1
8092,0.2393861434237415,0
8093,0.3971121018366698,0
8099,0.6758046843654755,1
8104,0.349967357178747,1
8107,0.39904173668123705,0
8108,0.4576045895412762,0
8114,0.6315475335819818,1
8115,0.5729544311342648,1
8117,0.7439427610089858,1
8123,0.7215636097499141,1
8124,0.73987095180058,1
8127,0.7072643734114693,1
8132,0.4735758849069458,1
8134,0.7708450885183774,1
8139,0.5457585848528594,1
8145,0.7304117413347828,1
8148,0.7584970941035731,1
8151,0.7347494913426375,1
8152,0.7335813642727225,1
8153,0.672255437985356,1
8157,0.4784017377607216,1
8160,0.7480402123122711,1
8166,0.7279305426670165,1
8167,0.7347494913426375,1
8173,0.6164809309900947,1
8174,0.7347494913426375,1
8178,0.7213932010871504,1
8179,0.4931817422108497,1
8185,0.4326736658175433,1
8186,0.7347494913426375,1
8192,0.4091390490153376,0
8193,0.4538015162362226,0
8194,0.2003742545961375,0
8197,0.2889594501030824,0
8198,0.3964374495955991,0
8199,0.2889594501030824,0
8200,0.3387051343329576,0
8206,0.3915285763926428,0
8207,0.3915285763926428,0
8220,0.3483285790096294,0
8222,0.37171722296985976,0
8227,0.29763405382591834,0
8228,0.2624644826595318,0
8229,0.461898053814754,0
8230,0.5447421190451701,1
8233,0.6434718965682835,1
8248,0.3405215419363118,0
8249,0.33073825027437537,0
8255,0.2773702879289802,0
8260,0.33073825027437537,0
8263,0.3765688529433021,0
8265,0.4278190090957773,0
8268,0.24151980856913915,0
8269,0.5394889449179574,1
8272,0.6080458418139598,1
8273,0.3512827559747772,0
8275,0.4636095766515568,1
8277,0.38982113892128256,0
8281,0.3623039339849853,1
8282,0.40579226050549416,1
8290,0.5311001586070646,0
8293,0.5323803590152105,1
8299,0.4174262308665392,0
8302,0.5301689231945226,1
8303,0.5301689231945226,1
8305,0.4249218236884362,0
8306,0.28471241035311723,0
8307,0.5298520196315206,0
8308,0.4945721848288135,1
8313,0.4642019971068684,0
8316,0.5301689231945226,1
8319,0.4701212915236531,0
8322,0.6108939117428662,1
8323,0.6211814562397386,0
8325,0.4236008259417172,0
8326,0.3240386736930504,0
8327,0.2849410600078872,0
8328,0.5346035449844685,1
8331,0.5301689231945226,1
8333,0.764274257691129,1
8336,0.5745217148440702,1
8338,0.5301689231945226,1
8340,0.5298520196315206,0
8342,0.2466434850777517,0
8343,0.25927204611707,0
8353,0.2193074324380014,0
8354,0.26395809583926555,0
8357,0.2608548824496567,0
8358,0.2606723077526132,0
8359,0.21093790765936526,0
8373,0.4740006955335631,0
8376,0.23115619090334766,0
8379,0.266086369967644,0
8380,0.4279641094184107,0
8381,0.252947356933662,0
8384,0.2549052051159965,0
8395,0.7541779924349659,1
8398,0.7541779924349659,1
8403,0.2560812786007189,0
8407,0.7541779924349659,1
8413,0.7541779924349659,1
8417,0.7541779924349659,1
8420,0.7541779924349659,1
8421,0.2349558326531108,0
8424,0.7541779924349659,1
8426,0.7541779924349659,1
8427,0.7541779924349659,1
8438,0.7541779924349659,1
8439,0.23262723621462986,0
8442,0.2446231529070545,0
8449,0.2363071922694236,0
8456,0.28421815004812795,0
8460,0.3622324763463728,0
8462,0.225520084175622,0
8465,0.2705763858910931,0
8466,0.2679735529918676,0
8467,0.2122831263274038,0
8469,0.24067306000900854,0
8470,0.224874302182109,0
8474,0.3285118020496893,0
8479,0.3663345697180608,0
8481,0.22077256356728725,0
8482,0.2313706363692497,0
8485,0.20186024810784792,0
8488,0.3285118020496893,0
8492,0.4807479919925282,1
8493,0.3652196134818425,0
8495,0.37134534236970795,0
8499,0.23156788972350045,0
8501,0.2763269596012793,0
8519,0.21251008710871547,0
8521,0.2697343784692257,0
8525,0.2350426667608394,0
8527,0.2375736374878193,0
8529,0.3151550951236255,0
8532,0.2994275082788905,0
8534,0.22392516618996486,0
8535,0.23723880877411666,0
8537,0.3912411523973318,0
8544,0.23475980589902976,0
8548,0.23012999363298725,0
8549,0.2667370033289517,0
8552,0.22621407024603424,0
8554,0.34986837604665993,0
8563,0.2318453926385904,0
8564,0.2728212005114135,0
8565,0.22250515799612294,0
8566,0.3316967673387376,0
8568,0.3919201392716285,0
8569,0.304374359532534,0
8573,0.22250515799612294,0
8583,0.20129703878658425,0
8588,0.2398928158369208,0
8590,0.2203196614773562,0
8592,0.48282288863198,0
8593,0.2444238295484401,0
8594,0.7165717783154204,1
8597,0.2337215352016247,0
8600,0.6702892176164835,1
8601,0.34372081874465804,0
8602,0.5174666730448494,0
8603,0.6331738545173428,1
8604,0.3879919550763077,1
8605,0.6613318015050261,1
8611,0.3689674598650155,0
8614,0.4371306044561671,0
8616,0.6803482233125544,1
8617,0.6208472049001995,1
8619,0.6837154967591574,1
8626,0.6944172588733182,1
8629,0.3412336095190652,0
8630,0.5738097278050072,1
8632,0.27134559243064194,0
8634,0.6803482233125544,1
8641,0.5882689526640603,1
8645,0.5289451214405461,1
8649,0.5533233377372572,1
8652,0.6505460210383409,1
8666,0.5481790593780937,1
8671,0.26449852479731,0
8672,0.7269149027496025,1
8675,0.5617241360223659,1
8678,0.6146045847016783,1
8679,0.7341858475655283,1
8682,0.5165480173076393,0
8687,0.43387612909968415,0
8701,0.2648449202288013,0
8703,0.34700160854863304,0
8707,0.3403724687305547,0
8713,0.2499013885721637,0
8716,0.27818338619895755,0
8719,0.3615690619975823,0
8725,0.3758363256999177,0
8730,0.5737250799125535,0
8731,0.4702402014134826,0
8748,0.23874748701487666,0
8749,0.2761040577278836,0
8756,0.3758818169599838,0
8764,0.2514538459311006,0
8765,0.42926644315637824,0
8769,0.3831005981009379,0
8771,0.42926644315637824,0
8772,0.2576037660160278,0
8773,0.3161989653850871,0
8779,0.2721758909845827,0
8792,0.25682186493746256,0
8794,0.2369544908562324,0
8796,0.22486879631410725,0
8798,0.3515501654210769,0
8803,0.20554823380550347,0
8807,0.443667943416677,0
8809,0.24104409815603706,0
8811,0.259037803319341,0
8813,0.2909448199600294,0
8814,0.2469592430072685,0
8818,0.20811133733295745,0
8819,0.27436791892439233,0
8820,0.4867131081116083,1
8821,0.3052693876726039,0
8822,0.1951979047346752,0
8824,0.33684658308168297,0
8826,0.3577229593625583,1
8827,0.2729905684992858,0
8828,0.2505022887485736,0
8833,0.2815529831193856,0
8834,0.3145894877731393,0
8845,0.2646705208241961,0
8847,0.3199721602767133,0
8849,0.2156092945281408,0
8861,0.2912144979597754,0
8867,0.24085137733749384,0
8868,0.34325513639101657,1
8870,0.24639955225866006,0
8873,0.3136012780105205,0
8874,0.3390248958779279,0
8876,0.32270516180308706,0
8877,0.29425424488932866,0
8879,0.34325513639101657,0
8882,0.2585402338360161,0
8884,0.27887678808966937,0
8889,0.2450718033852013,0
8891,0.2372689317235107,0
8894,0.4893802386141276,1
8895,0.3514120557020702,0
8897,0.5206419447710751,0
8898,0.6258458231807161,1
8901,0.2966177453100106,0
8904,0.3019436874321938,0
8909,0.4792666047313519,0
8910,0.44340502825964573,1
8911,0.2737781397929692,0
8915,0.47180420023040504,1
8917,0.36912396010079823,0
8918,0.4028372040328542,0
8919,0.2916483217074555,0
8922,0.30057698638409863,0
8925,0.3947753957855844,1
8928,0.3277434106379153,0
8929,0.3786916758229347,0
8930,0.4228933005430159,1
8932,0.2160448903895314,0
8937,0.3651131625103826,1
8940,0.24127360458173194,0
8943,0.2678912729126638,0
8950,0.5096126866183334,1
8951,0.484387043186724,1
8954,0.2601904231352509,0
8958,0.7533768474935023,1
8960,0.3931092840715712,0
8964,0.393249682188057,1
8975,0.4751814069161619,0
8977,0.23865388913654745,0
8981,0.6623098967514065,1
8982,0.4033079452854516,0
8984,0.463826023499534,0
8988,0.4775524083726426,0
8990,0.49478048661381396,0
8991,0.20622055991852725,0
8995,0.3110349007705772,0
8997,0.2270142919689412,0
9003,0.3374010985552852,0
9004,0.31598701692584763,0
9010,0.38888819046506345,0
9011,0.4975669784777937,0
9013,0.2898216362177302,0
9014,0.3173725943328777,0
9015,0.4027605336355355,0
9017,0.3436053215064491,0
9019,0.22072170624983864,0
9021,0.4867798970734914,0
9024,0.3967668353759194,0
9032,0.2924716244425386,0
9035,0.29554013284324826,0
9036,0.3786630426805533,0
9037,0.3799229639371935,0
9043,0.7554207306594292,1
9046,0.7063159601689564,1
9048,0.7554207306594292,1
9049,0.5872138582119236,1
9050,0.6570729555310171,1
9056,0.5554773996677869,1
9063,0.4045940371985238,0
9065,0.634471668670004,1
9066,0.7554207306594292,1
9068,0.3606946183658536,0
9069,0.5574616091839943,1
9070,0.304414816130297,0
9073,0.6833093802070066,1
9076,0.7554207306594292,1
9091,0.3947633805433903,0
9092,0.6872768708572263,1
9104,0.7648299112200035,1
9105,0.6946362452722494,1
9108,0.6946362452722494,1
9111,0.726826863573163,1
9115,0.7648299112200035,1
9117,0.7010948861504958,1
9122,0.7606762839199088,1
9125,0.6348017772445239,1
9127,0.6872768708572263,1
9129,0.7347429723790615,1
9133,0.726826863573163,1
9136,0.7648299112200035,1
9138,0.7347429723790615,1
9140,0.6348017772445239,1
9147,0.7489987951071054,1
9150,0.7858749565044336,1
9152,0.7569023203366649,1
9153,0.7842087038219372,1
9155,0.7218307988742627,1
9158,0.6561203896914074,1
9160,0.7880790560350436,1
9163,0.7700903270568971,1
9165,0.782750728574955,1
9167,0.373833166947475,0
9168,0.67002484733035,1
9170,0.7842087038219372,1
9176,0.7522674652234029,1
9178,0.7158887049888005,1
9184,0.7842087038219372,1
9186,0.7230313471500478,1
9188,0.7455604776254863,1
9189,0.7826640674196312,1
9190,0.7258050380935368,1
9196,0.4517255039935674,1
9198,0.4705261176758264,0
9199,0.7755266416934639,1
9200,0.6794350455765278,1
9201,0.4039895047507819,0
9202,0.7532169384298618,1
9204,0.3251567036904781,0
9205,0.757550063461027,1
9213,0.7017034744974511,1
9214,0.7599344742574957,1
9224,0.7710698986990073,1
9227,0.7596927678028863,1
9228,0.762816488168941,1
9229,0.7612078188600284,1
9234,0.7204310200669364,1
9236,0.7591780737310239,1
9241,0.6747555534586847,1
9243,0.4064392694611902,0
9245,0.30229602280265044,0
9256,0.4692927285197268,1
9258,0.3202886177021768,0
9261,0.2824477181195428,0
9274,0.2484782055149212,0
9279,0.4013707691797984,0
9282,0.33592950470544203,0
9284,0.3013546516313816,0
9285,0.2647111691424239,0
9291,0.2988635780125009,0
9295,0.272627186448628,0
9299,0.25058593307097177,0
9302,0.3119848642835913,0
9304,0.3740380912685969,0
9305,0.3407645576665778,0
9306,0.2296730763983389,0
9310,0.3481995284427669,0
9312,0.4510184786201297,0
9316,0.2537646792846649,0
9318,0.4469606597914035,0
9323,0.3769799177860076,0
9326,0.3090701396291711,0
9327,0.4207617086672514,0
9328,0.3721066840460136,0
9331,0.5309073353152723,1
9335,0.37715799464713023,0
9336,0.4154905862806285,0
9340,0.28264092877724306,0
9349,0.6394360613305843,1
9352,0.2918975337820463,0
9353,0.4387477208014422,0
9354,0.4281555479833707,0
9356,0.28043961186589983,0
9357,0.3233069723931308,0
9358,0.3957828949320768,0
9359,0.2754527940287471,0
9364,0.3346459942751333,0
9366,0.7357329086840877,1
9369,0.33573120765023023,0
9370,0.2830895448131901,0
9379,0.3492610904685511,0
9381,0.3336156423453264,0
9383,0.42353403150844776,0
9389,0.38680676610725306,0
9390,0.300587573083659,0
9392,0.4092470254958265,1
9394,0.5563036017142962,1
9398,0.6722313492999425,1
9399,0.5563036017142962,1
9400,0.2671926055165478,0
9407,0.7709967515121866,1
9409,0.6469786761760633,1
9412,0.4543780340135792,0
9413,0.6889516354552427,1
9415,0.3875727592792933,0
9419,0.5390957332549091,1
9423,0.25907331708745696,0
9424,0.4650672054998346,0
9426,0.2864076442955649,0
9427,0.5897334213856544,1
9428,0.2500769080776778,0
9429,0.5641426052223051,1
9433,0.4710053653069901,1
9437,0.5408202561966544,0
9440,0.3405169013637576,0
9442,0.7011657271764886,1
9443,0.6453103827099008,0
9444,0.5122287919094629,0
9447,0.4545127638468489,1
9459,0.3718337749078517,1
9461,0.5061098738352865,1
9462,0.5054418588442027,1
9464,0.7011657271764886,1
9473,0.6943561334534256,0
9475,0.4412114465696833,0
9476,0.7011657271764886,1
9477,0.7115722819636903,0
9478,0.5061098738352865,1
9479,0.6943561334534256,0
9483,0.7075383764768681,1
9487,0.5061098738352865,1
9494,0.7891155926983531,1
9497,0.7366652730191393,1
9498,0.7154532148895032,1
9506,0.1924931211255677,0
9512,0.5879856302293347,0
9514,0.7694003958699541,1
9515,0.5818731793983563,1
9516,0.5645939212872474,1
9517,0.625984332218208,1
9518,0.2913680770865153,0
9521,0.4009252091448571,0
9523,0.5108961456410209,1
9527,0.5594367188663728,1
9528,0.3954297049373226,0
9530,0.4058171171844605,0
9532,0.56869731149045,0
9534,0.6518348898637121,1
9535,0.3797008942139125,0
9536,0.7669702498307505,1
9543,0.3289331221285092,0
9544,0.6812407994056827,1
9545,0.6068122898045886,1
9546,0.4703305974373756,0
9549,0.2943042768888661,0
9558,0.3111282508767476,0
9560,0.23874047317235844,0
9561,0.34078677252254386,0
9570,0.34078677252254386,0
9573,0.28406733937367906,0
9578,0.2469082893348053,0
9584,0.30805040847218423,0
9587,0.44511751946295497,0
9588,0.2444578379295451,0
9599,0.2862708128201653,0
9601,0.3486163288504426,1
9604,0.29619069803650755,0
9614,0.6161639694777917,1
9615,0.778003307484773,1
9621,0.7373345798709142,1
9622,0.31647363065070355,0
9623,0.6657776713883967,1
9624,0.33536832809293016,0
9626,0.7681222561172204,1
9628,0.7483870592747424,1
9630,0.4632245264667327,0
9631,0.7157736004148234,1
9633,0.6657776713883967,1
9635,0.7587626905589084,1
9637,0.6214857934932314,1
9641,0.2774215806982845,0
9647,0.7157736004148234,1
9648,0.7579452068268903,1
9649,0.38191122885525336,0
9658,0.2475337283666349,0
9662,0.6992859679005676,1
9668,0.5993552937954724,0
9671,0.31975898916258105,0
9676,0.7336231469680851,1
9677,0.6809494566735479,1
9679,0.3150656364244729,0
9682,0.7427501738548844,1
9685,0.25993938136028394,0
9689,0.6120541938961589,1
9692,0.4440812958885771,0
9693,0.2543566245354548,0
9694,0.25817188834281823,0
9696,0.3013857758428211,0
9700,0.2354328383004925,0
9711,0.6860614454672914,1
9713,0.32138310380145124,0
9720,0.2982075368836681,0
9721,0.7154570904962433,1
9725,0.5335891793914453,0
9726,0.4339259533983812,0
9727,0.3649794549853921,0
9735,0.356486135222853,0
9740,0.5441765519412878,1
9742,0.6860614454672914,1
9743,0.3802643841874168,0
9747,0.6860614454672914,1
9748,0.640693449984199,1
9751,0.6860614454672914,1
9758,0.4236337021471552,0
9767,0.3978112032993485,0
9768,0.2237667460156131,0
9773,0.4752972949289797,0
9777,0.5985693595804694,1
9781,0.4158320644901979,0
9784,0.41204121574623215,0
9786,0.4554995796623855,0
9789,0.4779983105183029,1
9792,0.3747816368985744,0
9793,0.26488399231183657,0
9798,0.4726061992735634,0
9799,0.3643674309482854,1
9802,0.23658409449364046,0
9803,0.6323635820883006,1
9804,0.3338017304101691,0
9805,0.39467106539657054,0
9807,0.4073878349125993,1
9809,0.4415277680836415,0
9811,0.41311801861203695,0
9814,0.451324219229951,0
9817,0.2271850468096309,0
9821,0.4065017613329438,1
9824,0.4220054870124731,0
9825,0.3634299082213773,1
9827,0.4349603311177498,1
9839,0.6134102044354897,1
9840,0.2650599864930601,0
9843,0.4123539737273992,0
9844,0.3429024373466115,0
9845,0.3221542822040179,0
9847,0.2881112880025033,0
9848,0.4586217656119815,1
9851,0.3221542822040179,0
9852,0.3443427667190878,0
9855,0.4035287309018248,0
9856,0.28505847548583324,1
9863,0.23807070751311715,0
9867,0.48589449230438103,0
9871,0.3158981354196629,0
9876,0.2808002486248785,0
9879,0.2852320220489664,0
9882,0.3731974758336478,0
9891,0.2901572259430116,0
9892,0.3480555943954685,0
9893,0.25276683080559736,0
9895,0.2767051106843659,0
9899,0.3157532599254654,0
9900,0.2512801294315054,0
9902,0.3280580859971926,0
9903,0.36019376048308216,0
9904,0.23484483889074545,0
9908,0.3715220613398821,0
9913,0.2938685163181623,0
9914,0.6110295826715602,1
9917,0.3240551621496982,0
9922,0.5689132345374588,1
9924,0.3310031816775473,0
9926,0.3445760856801844,0
9927,0.2446210947508004,0
9928,0.4122542558622081,1
9929,0.3064850075121289,0
9936,0.34647458538774445,0
9939,0.2988700816158792,0
9947,0.4293281493022663,0
9951,0.4144029937635695,0
9954,0.3086105755616483,0
9956,0.20412171030615486,0
9957,0.2366676020699029,0
9959,0.3965466641199827,0
9962,0.2795615868341275,0
9964,0.3971241057905944,1
9966,0.3330119793576736,0
9968,0.5852454762959001,1
9969,0.5004090656730089,0
9970,0.5081983788921989,1
9975,0.4826771816720735,0
9977,0.3079264799637954,0
9981,0.304750598132635,0
9993,0.2830826125379041,0
9996,0.5522461693272788,0
9997,0.4793011998399857,0
9999,0.31817904665735564,0
10002,0.3595539989796228,0
10007,0.6689820132541681,1
10015,0.30346713798209146,0
10019,0.6578210745306491,1
10022,0.3737058015985876,1
10024,0.33011120065109223,0
10026,0.38665839572033467,0
10033,0.5342857801762374,1
10043,0.3613057424518204,0
10046,0.2302637715220445,0
10051,0.502220919741326,1
10053,0.2898497092835945,0
10062,0.6870356546973537,1
10063,0.7593336736082146,1
10065,0.7317652971307622,1
10068,0.7059709389519244,1
10078,0.4634482841695116,0
10086,0.6069757725667525,1
10094,0.5630984439752599,0
10095,0.5479363810832856,1
10096,0.5886986336677282,1
10097,0.6934112016108671,1
10103,0.7593336736082146,1
10104,0.7578067077038521,1
10108,0.26521602337151085,0
10122,0.4279660025983816,0
10123,0.44132488196512654,1
10128,0.2664423413780136,0
10131,0.4115009880174377,0
10133,0.29196830668640106,0
10134,0.4155616791456024,0
10135,0.2834179918973814,0
10145,0.3211909492408009,0
10148,0.3035537990369711,0
10154,0.2989771159720829,0
10155,0.3903332969936541,0
10158,0.7231314261445724,1
10160,0.6580650678527104,1
10161,0.43746443030875576,1
10162,0.5298424969034782,1
10165,0.7237384397123713,1
10166,0.6085851465980616,1
10167,0.655248153302529,1
10170,0.6171867945838548,1
10178,0.5929934848238929,1
10180,0.4442006057972217,0
10181,0.7165470870674271,1
10185,0.6616902160122021,1
10188,0.34798813519961913,0
10190,0.7355811241136256,1
10196,0.5111415864479113,0
10200,0.4905676232106402,0
10205,0.5255972233338738,1
10211,0.3782502998758061,0
10216,0.30323732583288776,0
10219,0.4928897928295612,1
10221,0.26494590624923176,0
10225,0.30150494235490954,0
10227,0.4135137359433626,1
10228,0.47202981567565394,1
10230,0.4456481268474558,1
10232,0.6410268376915891,1
10233,0.7398835787801096,1
10235,0.3410524335300343,0
10238,0.6325035464648129,1
10240,0.6444640077067415,1
10242,0.3085194430523085,0
10248,0.404706923753716,1
10254,0.2529078398021997,0
10257,0.2516531232721124,0
10261,0.29817227896652965,0
10262,0.3142566745835646,0
10266,0.2329623001078705,0
10267,0.34470999778907674,0
10271,0.2979394540332567,0
10277,0.24697389633952846,0
10279,0.3891921028870115,0
10281,0.3093008840146226,0
10282,0.6671723841452544,1
10285,0.21052346950771492,0
10292,0.3098802685637376,0
10298,0.2921168637724885,0
10300,0.3047432669994256,0
10309,0.4449551248823182,0
10311,0.3592792632896017,0
10312,0.2137326596708404,0
10319,0.2735366502042533,0
10324,0.5661682424184582,1
10326,0.2746561903788982,0
10328,0.31641839929115284,0
10343,0.2682734908856744,0
10346,0.3620331979063239,0
10347,0.4160310041674828,1
10353,0.352424242398149,0
10354,0.7419744987351764,1
10356,0.3511708565588487,1
10357,0.3674187384885146,0
10362,0.4607336820296265,0
10363,0.6678483958446608,1
10370,0.7235711117217628,1
10373,0.5990356645357366,1
10386,0.5448437508464797,0
10388,0.4577582099598175,0
10389,0.4135564104067743,0
10391,0.7383118326731151,1
10397,0.3654536410832889,0
10400,0.2604577596871692,0
10403,0.2545976824763935,0
10404,0.4073023997611571,0
10408,0.3134489961725624,0
10417,0.3002861640937128,0
10425,0.2309855549937986,1
10435,0.4597259795935586,1
10437,0.7050063440830056,1
10438,0.6422532819353719,1
10440,0.3437714455468493,0
10442,0.4765657032576313,0
10447,0.6377068382853966,1
10452,0.7227825222480135,1
10453,0.2427960987032244,0
10454,0.6728738961362299,1
10459,0.5359213076176952,1
10460,0.5965425100677313,1
10463,0.4541464543193515,0
10465,0.5243072382300225,0
10469,0.4249034128252451,0
10474,0.5007320683734716,1
10475,0.7067602458618489,1
10476,0.5457433634309327,1
10477,0.5033168111302007,0
10480,0.5977489858215055,1
10491,0.5134763877943996,1
10493,0.5954199040440499,1
10494,0.6918812269064303,1
10495,0.4248976167041335,1
10497,0.43414903036771263,0
10501,0.6305866508622027,1
10504,0.3837399799670278,0
10507,0.7150556657626207,1
10509,0.741263368469441,1
10510,0.36377358083777134,0
10512,0.6535864422685014,1
10514,0.7262413139454118,1
10526,0.7563809417434699,1
10528,0.7576082166485406,1
10530,0.5777582393540437,1
10531,0.6884787538423673,1
10532,0.472498499146066,1
10538,0.6353633415348818,1
10539,0.26072775252236563,0
10542,0.31632607077132724,0
10547,0.4109871388329632,0
10549,0.4930632674858465,0
10556,0.3695588263507859,1
10569,0.2435525683019761,0
10572,0.4393839312861281,0
10577,0.5217503216502217,1
10579,0.33721577091765026,0
10586,0.7460733410812974,1
10594,0.5692360893576206,1
10595,0.7447887381065584,1
10597,0.3924010794154856,0
10602,0.7756910342399425,1
10604,0.721045357317065,1
10614,0.5749719527937622,1
10617,0.4826176526597493,0
10618,0.7203023248280476,1
10619,0.7638096786022159,1
10624,0.7759009486724868,1
10633,0.7460733410812974,1
10634,0.7544138614518945,1
10635,0.3448929711246566,0
10638,0.20842183168605796,0
10639,0.2754583335436517,0
10642,0.2676443778430048,0
10643,0.4553895063773923,0
10645,0.4418982500692402,1
10646,0.2572625345775221,0
10649,0.2903215217761552,0
10652,0.7069703821506159,1
10653,0.2706615531797668,0
10654,0.31534194884161393,0
10661,0.647889900734061,1
10664,0.7023779327910141,1
10668,0.2574756512013397,0
10670,0.4134674767096808,0
10674,0.2713009941364916,0
10683,0.2648315105476653,0
10694,0.2763630258697521,0
10697,0.32600246760660634,0
10699,0.21621726160530827,0
10701,0.30211554845131217,0
10703,0.35705166162173296,0
10713,0.4007639760996065,0
10714,0.623526710056891,1
10716,0.36348656590700335,0
10717,0.2491056093093849,0
10719,0.2423708441107621,0
10725,0.468871553809295,0
10728,0.3778243355446984,0
10734,0.2661955268989125,0
10738,0.7553119943349788,1
10740,0.7859387896094757,1
10742,0.7300767377800549,1
10756,0.7859387896094757,1
10757,0.7751331746737687,1
10758,0.7553119943349788,1
10761,0.7859387896094757,1
10762,0.6305297307520392,1
10773,0.6986592292788066,1
10778,0.7859387896094757,1
10781,0.6241778161222743,1
10791,0.2620107456659798,0
10792,0.2448290450034129,0
10796,0.32096312038831043,0
10797,0.3537625673321273,0
10801,0.2619162173130797,0
10804,0.2580070660586913,0
10806,0.4598413607195957,0
10807,0.2661228930694353,0
10816,0.2721741881277004,0
10820,0.4127554296621234,0
10828,0.3534195695326197,0
10836,0.7360326541475558,1
10838,0.7406220640413107,1
10845,0.7384768677443322,1
10856,0.7574574629138251,1
10857,0.3875330416673087,1
10858,0.7889518170387806,1
10861,0.5021096602691388,1
10865,0.4928887744469496,1
10868,0.5784797209696911,1
10874,0.5907040863190759,1
10875,0.6036799344407331,1
