,glove_net
0,0
1,1
2,1
3,1
4,1
5,1
6,1
7,0
8,1
9,1
10,1
11,0
12,1
13,1
14,1
15,0
16,0
17,0
18,0
19,0
20,0
21,0
22,0
23,0
24,0
25,0
26,0
27,0
28,0
29,0
30,0
31,0
32,0
33,0
34,0
35,0
36,0
37,0
38,1
39,0
40,0
41,0
42,0
43,0
44,0
45,0
46,1
47,0
48,0
49,0
50,1
51,0
52,1
53,1
54,0
55,1
56,1
57,0
58,0
59,1
60,0
61,0
62,0
63,1
64,0
65,0
66,0
67,0
68,1
69,1
70,0
71,1
72,1
73,1
74,1
75,1
76,1
77,1
78,1
79,0
80,0
81,0
82,0
83,1
84,1
85,1
86,1
87,1
88,1
89,1
90,1
91,1
92,1
93,0
94,1
95,1
96,0
97,1
98,1
99,0
100,1
101,0
102,0
103,0
104,0
105,0
106,0
107,0
108,0
109,0
110,0
111,0
112,0
113,0
114,0
115,0
116,0
117,0
118,0
119,0
120,0
121,0
122,0
123,0
124,0
125,0
126,0
127,0
128,0
129,0
130,0
131,0
132,0
133,0
134,0
135,0
136,1
137,1
138,1
139,1
140,0
141,1
142,1
143,1
144,1
145,1
146,1
147,1
148,1
149,0
150,1
151,1
152,1
153,1
154,1
155,1
156,1
157,1
158,1
159,1
160,0
161,1
162,1
163,0
164,1
165,1
166,0
167,1
168,1
169,1
170,1
171,1
172,1
173,1
174,1
175,0
176,1
177,1
178,0
179,0
180,0
181,0
182,1
183,1
184,1
185,0
186,0
187,1
188,0
189,1
190,1
191,1
192,0
193,0
194,0
195,0
196,1
197,1
198,0
199,0
200,1
201,1
202,1
203,1
204,1
205,1
206,0
207,1
208,0
209,0
210,0
211,0
212,0
213,0
214,0
215,0
216,0
217,0
218,1
219,0
220,1
221,0
222,0
223,1
224,0
225,0
226,0
227,1
228,0
229,0
230,0
231,0
232,0
233,0
234,0
235,0
236,0
237,0
238,1
239,1
240,0
241,0
242,0
243,0
244,0
245,0
246,1
247,0
248,0
249,0
250,1
251,1
252,0
253,1
254,0
255,0
256,0
257,0
258,0
259,1
260,0
261,0
262,0
263,0
264,0
265,0
266,1
267,0
268,0
269,0
270,1
271,1
272,0
273,0
274,0
275,0
276,0
277,0
278,0
279,0
280,0
281,0
282,0
283,0
284,0
285,0
286,0
287,0
288,0
289,0
290,0
291,0
292,0
293,0
294,1
295,0
296,0
297,0
298,0
299,0
300,0
301,0
302,0
303,0
304,0
305,0
306,0
307,0
308,0
309,0
310,0
311,0
312,0
313,0
314,0
315,0
316,0
317,0
318,0
319,0
320,0
321,0
322,0
323,0
324,0
325,1
326,0
327,0
328,0
329,0
330,0
331,0
332,0
333,0
334,0
335,0
336,0
337,1
338,0
339,0
340,0
341,1
342,1
343,0
344,0
345,0
346,0
347,0
348,0
349,0
350,0
351,0
352,0
353,0
354,0
355,0
356,1
357,0
358,0
359,0
360,0
361,0
362,0
363,0
364,0
365,0
366,0
367,0
368,0
369,1
370,0
371,0
372,0
373,0
374,0
375,1
376,1
377,1
378,0
379,0
380,1
381,1
382,1
383,0
384,0
385,1
386,1
387,1
388,1
389,0
390,0
391,1
392,1
393,1
394,1
395,1
396,0
397,1
398,1
399,1
400,0
401,1
402,1
403,1
404,0
405,0
406,1
407,0
408,1
409,1
410,1
411,1
412,0
413,0
414,1
415,0
416,1
417,1
418,0
419,0
420,1
421,0
422,0
423,0
424,1
425,0
426,0
427,0
428,0
429,0
430,1
431,0
432,0
433,0
434,1
435,0
436,0
437,1
438,0
439,0
440,0
441,0
442,0
443,0
444,0
445,0
446,1
447,0
448,0
449,1
450,0
451,1
452,1
453,0
454,1
455,1
456,1
457,1
458,1
459,1
460,1
461,0
462,1
463,0
464,0
465,0
466,0
467,0
468,1
469,0
470,1
471,0
472,1
473,1
474,0
475,1
476,1
477,0
478,1
479,0
480,0
481,0
482,0
483,1
484,0
485,0
486,0
487,0
488,0
489,1
490,1
491,1
492,1
493,1
494,1
495,1
496,0
497,0
498,0
499,1
500,1
501,0
502,0
503,0
504,1
505,1
506,1
507,0
508,1
509,0
510,1
511,1
512,1
513,1
514,1
515,0
516,1
517,0
518,0
519,1
520,0
521,0
522,0
523,0
524,0
525,0
526,0
527,1
528,0
529,0
530,0
531,0
532,0
533,1
534,0
535,0
536,0
537,0
538,0
539,0
540,0
541,0
542,0
543,0
544,0
545,0
546,0
547,0
548,1
549,0
550,0
551,0
552,0
553,0
554,0
555,0
556,1
557,0
558,0
559,0
560,0
561,0
562,0
563,0
564,0
565,0
566,0
567,0
568,0
569,0
570,1
571,0
572,0
573,0
574,0
575,0
576,0
577,0
578,0
579,0
580,1
581,1
582,0
583,0
584,0
585,1
586,0
587,0
588,0
589,0
590,0
591,0
592,0
593,0
594,0
595,0
596,1
597,0
598,0
599,0
600,0
601,0
602,0
603,0
604,0
605,0
606,0
607,0
608,0
609,0
610,0
611,1
612,0
613,0
614,0
615,0
616,1
617,1
618,0
619,0
620,0
621,0
622,1
623,0
624,0
625,0
626,1
627,0
628,1
629,0
630,0
631,0
632,0
633,0
634,0
635,0
636,1
637,1
638,1
639,1
640,0
641,0
642,0
643,0
644,0
645,0
646,0
647,1
648,0
649,0
650,0
651,0
652,0
653,1
654,1
655,0
656,0
657,0
658,1
659,0
660,0
661,0
662,0
663,0
664,0
665,0
666,0
667,0
668,0
669,1
670,0
671,0
672,0
673,0
674,0
675,0
676,0
677,0
678,0
679,0
680,0
681,0
682,0
683,0
684,0
685,0
686,0
687,0
688,0
689,0
690,0
691,0
692,0
693,0
694,0
695,0
696,0
697,0
698,0
699,0
700,0
701,0
702,0
703,0
704,0
705,0
706,0
707,0
708,0
709,0
710,0
711,0
712,0
713,0
714,0
715,0
716,0
717,0
718,0
719,0
720,0
721,0
722,0
723,0
724,0
725,0
726,0
727,0
728,0
729,0
730,0
731,0
732,0
733,0
734,0
735,0
736,0
737,0
738,0
739,0
740,0
741,0
742,0
743,0
744,1
745,0
746,0
747,0
748,0
749,0
750,0
751,0
752,0
753,0
754,0
755,0
756,0
757,0
758,0
759,0
760,0
761,0
762,0
763,0
764,0
765,0
766,0
767,0
768,0
769,0
770,0
771,0
772,0
773,0
774,0
775,1
776,0
777,0
778,0
779,0
780,0
781,0
782,0
783,0
784,0
785,0
786,0
787,0
788,0
789,0
790,0
791,0
792,0
793,0
794,0
795,0
796,0
797,0
798,0
799,0
800,0
801,0
802,0
803,0
804,0
805,0
806,0
807,0
808,1
809,0
810,0
811,0
812,0
813,0
814,0
815,0
816,0
817,0
818,0
819,0
820,0
821,0
822,0
823,0
824,0
825,0
826,0
827,0
828,0
829,0
830,0
831,0
832,0
833,0
834,0
835,0
836,0
837,0
838,0
839,0
840,0
841,0
842,0
843,0
844,0
845,0
846,0
847,0
848,0
849,0
850,0
851,0
852,0
853,0
854,0
855,0
856,0
857,0
858,0
859,0
860,0
861,0
862,0
863,0
864,0
865,0
866,0
867,0
868,0
869,0
870,0
871,0
872,0
873,0
874,0
875,0
876,0
877,0
878,0
879,0
880,0
881,0
882,0
883,0
884,0
885,0
886,0
887,0
888,0
889,0
890,0
891,0
892,0
893,0
894,1
895,0
896,0
897,0
898,0
899,0
900,0
901,0
902,0
903,0
904,0
905,0
906,0
907,0
908,0
909,0
910,0
911,0
912,0
913,0
914,0
915,0
916,0
917,0
918,0
919,0
920,0
921,0
922,0
923,0
924,0
925,0
926,0
927,0
928,0
929,0
930,0
931,0
932,1
933,0
934,0
935,0
936,0
937,0
938,0
939,0
940,0
941,0
942,0
943,0
944,0
945,0
946,0
947,1
948,0
949,0
950,0
951,0
952,0
953,0
954,0
955,0
956,0
957,0
958,0
959,0
960,0
961,0
962,0
963,0
964,0
965,0
966,0
967,0
968,0
969,0
970,0
971,0
972,0
973,0
974,0
975,0
976,0
977,0
978,0
979,0
980,0
981,0
982,0
983,0
984,0
985,0
986,0
987,0
988,0
989,0
990,0
991,0
992,0
993,0
994,0
995,0
996,0
997,0
998,0
999,0
1000,0
1001,0
1002,0
1003,0
1004,0
1005,0
1006,0
1007,0
1008,0
1009,0
1010,0
1011,0
1012,0
1013,0
1014,0
1015,0
1016,0
1017,0
1018,1
1019,0
1020,0
1021,0
1022,0
1023,0
1024,0
1025,0
1026,0
1027,0
1028,0
1029,1
1030,0
1031,0
1032,0
1033,0
1034,0
1035,0
1036,0
1037,0
1038,0
1039,0
1040,0
1041,0
1042,0
1043,0
1044,0
1045,0
1046,0
1047,0
1048,0
1049,0
1050,0
1051,0
1052,0
1053,0
1054,0
1055,0
1056,0
1057,1
1058,0
1059,0
1060,1
1061,1
1062,0
1063,1
1064,1
1065,0
1066,0
1067,0
1068,1
1069,0
1070,1
1071,0
1072,0
1073,1
1074,0
1075,1
1076,1
1077,1
1078,0
1079,0
1080,0
1081,0
1082,0
1083,1
1084,1
1085,1
1086,0
1087,0
1088,1
1089,1
1090,1
1091,0
1092,0
1093,0
1094,1
1095,1
1096,1
1097,0
1098,0
1099,1
1100,1
1101,1
1102,1
1103,1
1104,1
1105,1
1106,0
1107,1
1108,0
1109,1
1110,1
1111,1
1112,0
1113,0
1114,1
1115,0
1116,1
1117,0
1118,0
1119,1
1120,1
1121,0
1122,1
1123,0
1124,1
1125,0
1126,0
1127,1
1128,1
1129,1
1130,1
1131,1
1132,1
1133,1
1134,1
1135,1
1136,1
1137,1
1138,1
1139,1
1140,1
1141,1
1142,1
1143,1
1144,1
1145,1
1146,1
1147,1
1148,1
1149,1
1150,1
1151,1
1152,1
1153,1
1154,1
1155,1
1156,1
1157,1
1158,1
1159,1
1160,0
1161,1
1162,1
1163,1
1164,1
1165,1
1166,1
1167,1
1168,1
1169,1
1170,1
1171,1
1172,1
1173,1
1174,0
1175,1
1176,1
1177,1
1178,0
1179,1
1180,1
1181,1
1182,1
1183,1
1184,1
1185,1
1186,1
1187,1
1188,1
1189,1
1190,1
1191,1
1192,0
1193,0
1194,0
1195,1
1196,1
1197,0
1198,0
1199,1
1200,0
1201,1
1202,1
1203,0
1204,1
1205,1
1206,1
1207,0
1208,0
1209,1
1210,1
1211,0
1212,0
1213,1
1214,0
1215,0
1216,0
1217,0
1218,0
1219,0
1220,1
1221,0
1222,1
1223,0
1224,0
1225,0
1226,1
1227,1
1228,0
1229,1
1230,0
1231,1
1232,0
1233,1
1234,1
1235,1
1236,0
1237,1
1238,0
1239,0
1240,0
1241,1
1242,1
1243,1
1244,1
1245,1
1246,1
1247,1
1248,1
1249,1
1250,0
1251,1
1252,1
1253,1
1254,1
1255,0
1256,0
1257,0
1258,1
1259,1
1260,1
1261,1
1262,1
1263,0
1264,1
1265,0
1266,0
1267,0
1268,0
1269,0
1270,0
1271,0
1272,0
1273,0
1274,0
1275,0
1276,0
1277,1
1278,0
1279,0
1280,0
1281,0
1282,0
1283,0
1284,1
1285,0
1286,0
1287,0
1288,0
1289,1
1290,0
1291,0
1292,0
1293,0
1294,0
1295,0
1296,0
1297,0
1298,0
1299,0
1300,0
1301,0
1302,0
1303,0
1304,0
1305,0
1306,0
1307,0
1308,0
1309,1
1310,0
1311,0
1312,0
1313,0
1314,0
1315,0
1316,0
1317,0
1318,0
1319,0
1320,0
1321,0
1322,0
1323,0
1324,1
1325,0
1326,0
1327,0
1328,0
1329,0
1330,1
1331,0
1332,1
1333,0
1334,0
1335,1
1336,1
1337,0
1338,0
1339,1
1340,1
1341,0
1342,0
1343,1
1344,0
1345,1
1346,0
1347,1
1348,0
1349,0
1350,0
1351,1
1352,1
1353,1
1354,0
1355,0
1356,1
1357,1
1358,1
1359,1
1360,1
1361,0
1362,0
1363,0
1364,0
1365,0
1366,1
1367,1
1368,1
1369,1
1370,0
1371,0
1372,1
1373,1
1374,0
1375,1
1376,1
1377,0
1378,0
1379,1
1380,1
1381,1
1382,1
1383,0
1384,1
1385,1
1386,0
1387,1
1388,0
1389,1
1390,0
1391,1
1392,0
1393,1
1394,0
1395,1
1396,1
1397,1
1398,0
1399,1
1400,0
1401,1
1402,1
1403,1
1404,0
1405,1
1406,0
1407,1
1408,0
1409,0
1410,1
1411,1
1412,1
1413,0
1414,1
1415,0
1416,1
1417,1
1418,1
1419,1
1420,1
1421,0
1422,1
1423,1
1424,0
1425,1
1426,0
1427,1
1428,0
1429,0
1430,0
1431,0
1432,0
1433,1
1434,1
1435,0
1436,0
1437,0
1438,0
1439,0
1440,0
1441,1
1442,0
1443,1
1444,0
1445,0
1446,0
1447,0
1448,0
1449,1
1450,0
1451,1
1452,0
1453,0
1454,0
1455,0
1456,0
1457,1
1458,0
1459,1
1460,1
1461,1
1462,0
1463,0
1464,1
1465,1
1466,1
1467,0
1468,0
1469,0
1470,1
1471,0
1472,0
1473,0
1474,0
1475,0
1476,0
1477,0
1478,0
1479,1
1480,1
1481,0
1482,0
1483,0
1484,0
1485,0
1486,0
1487,0
1488,0
1489,1
1490,0
1491,1
1492,0
1493,1
1494,0
1495,0
1496,0
1497,1
1498,0
1499,1
1500,0
1501,1
1502,1
1503,1
1504,1
1505,1
1506,1
1507,0
1508,0
1509,0
1510,1
1511,0
1512,0
1513,0
1514,0
1515,1
1516,1
1517,1
1518,1
1519,0
1520,0
1521,1
1522,0
1523,0
1524,0
1525,0
1526,0
1527,0
1528,0
1529,1
1530,1
1531,1
1532,0
1533,1
1534,0
1535,0
1536,1
1537,0
1538,1
1539,1
1540,1
1541,1
1542,0
1543,0
1544,1
1545,1
1546,0
1547,0
1548,0
1549,1
1550,1
1551,0
1552,0
1553,1
1554,0
1555,0
1556,0
1557,1
1558,1
1559,1
1560,0
1561,0
1562,0
1563,0
1564,0
1565,0
1566,0
1567,0
1568,0
1569,0
1570,1
1571,0
1572,0
1573,0
1574,0
1575,0
1576,0
1577,0
1578,0
1579,1
1580,0
1581,0
1582,0
1583,0
1584,0
1585,0
1586,1
1587,1
1588,0
1589,1
1590,0
1591,0
1592,0
1593,0
1594,0
1595,0
1596,1
1597,0
1598,0
1599,0
1600,1
1601,1
1602,1
1603,0
1604,0
1605,1
1606,0
1607,0
1608,1
1609,0
1610,0
1611,0
1612,0
1613,1
1614,0
1615,0
1616,0
1617,0
1618,0
1619,0
1620,0
1621,1
1622,0
1623,1
1624,0
1625,1
1626,0
1627,1
1628,1
1629,1
1630,0
1631,1
1632,0
1633,0
1634,0
1635,0
1636,0
1637,0
1638,0
1639,1
1640,0
1641,0
1642,0
1643,0
1644,1
1645,0
1646,0
1647,1
1648,0
1649,0
1650,0
1651,0
1652,0
1653,0
1654,0
1655,0
1656,0
1657,0
1658,0
1659,0
1660,0
1661,1
1662,0
1663,0
1664,0
1665,0
1666,0
1667,0
1668,0
1669,0
1670,0
1671,0
1672,0
1673,0
1674,0
1675,0
1676,0
1677,0
1678,0
1679,0
1680,0
1681,0
1682,0
1683,0
1684,0
1685,0
1686,0
1687,0
1688,0
1689,0
1690,0
1691,0
1692,0
1693,1
1694,0
1695,0
1696,0
1697,0
1698,0
1699,1
1700,0
1701,1
1702,0
1703,1
1704,1
1705,0
1706,1
1707,0
1708,0
1709,0
1710,1
1711,1
1712,1
1713,1
1714,1
1715,0
1716,1
1717,0
1718,0
1719,1
1720,0
1721,1
1722,0
1723,0
1724,0
1725,1
1726,1
1727,0
1728,1
1729,0
1730,1
1731,0
1732,0
1733,1
1734,1
1735,1
1736,1
1737,1
1738,0
1739,1
1740,0
1741,1
1742,1
1743,1
1744,1
1745,1
1746,1
1747,0
1748,1
1749,1
1750,1
1751,1
1752,0
1753,0
1754,0
1755,1
1756,1
1757,0
1758,1
1759,0
1760,0
1761,1
1762,0
1763,1
1764,1
1765,0
1766,1
1767,1
1768,1
1769,0
1770,1
1771,1
1772,1
1773,1
1774,1
1775,1
1776,0
1777,0
1778,0
1779,0
1780,0
1781,0
1782,0
1783,0
1784,1
1785,0
1786,1
1787,1
1788,0
1789,0
1790,1
1791,0
1792,1
1793,0
1794,0
1795,1
1796,0
1797,0
1798,1
1799,0
1800,0
1801,1
1802,0
1803,0
1804,0
1805,1
1806,0
1807,1
1808,1
1809,1
1810,0
1811,0
1812,1
1813,1
1814,0
1815,1
1816,1
1817,0
1818,1
1819,1
1820,1
1821,1
1822,0
1823,1
1824,0
1825,0
1826,0
1827,1
1828,1
1829,1
1830,1
1831,0
1832,0
1833,0
1834,1
1835,0
1836,0
1837,0
1838,0
1839,0
1840,1
1841,1
1842,1
1843,0
1844,1
1845,0
1846,0
1847,0
1848,0
1849,0
1850,0
1851,0
1852,0
1853,0
1854,0
1855,0
1856,0
1857,0
1858,0
1859,0
1860,0
1861,0
1862,0
1863,0
1864,0
1865,0
1866,0
1867,0
1868,0
1869,0
1870,0
1871,0
1872,0
1873,0
1874,0
1875,0
1876,0
1877,0
1878,0
1879,0
1880,0
1881,0
1882,0
1883,0
1884,0
1885,0
1886,0
1887,0
1888,0
1889,0
1890,0
1891,1
1892,0
1893,0
1894,0
1895,0
1896,0
1897,0
1898,0
1899,0
1900,0
1901,0
1902,0
1903,1
1904,0
1905,0
1906,0
1907,0
1908,0
1909,0
1910,0
1911,0
1912,0
1913,0
1914,1
1915,0
1916,0
1917,0
1918,0
1919,1
1920,0
1921,0
1922,0
1923,0
1924,0
1925,0
1926,0
1927,0
1928,1
1929,0
1930,0
1931,0
1932,0
1933,0
1934,0
1935,0
1936,0
1937,0
1938,0
1939,0
1940,0
1941,0
1942,0
1943,0
1944,0
1945,0
1946,0
1947,0
1948,0
1949,0
1950,0
1951,0
1952,0
1953,0
1954,1
1955,0
1956,1
1957,1
1958,0
1959,1
1960,0
1961,1
1962,1
1963,1
1964,0
1965,0
1966,0
1967,1
1968,0
1969,1
1970,0
1971,0
1972,0
1973,0
1974,0
1975,1
1976,0
1977,0
1978,0
1979,1
1980,1
1981,0
1982,0
1983,0
1984,0
1985,0
1986,1
1987,0
1988,0
1989,0
1990,1
1991,0
1992,0
1993,0
1994,0
1995,1
1996,0
1997,0
1998,0
1999,0
2000,0
2001,0
2002,1
2003,1
2004,0
2005,1
2006,0
2007,1
2008,1
2009,0
2010,1
2011,0
2012,0
2013,1
2014,0
2015,0
2016,1
2017,0
2018,0
2019,0
2020,0
2021,0
2022,0
2023,0
2024,0
2025,0
2026,0
2027,0
2028,1
2029,0
2030,0
2031,0
2032,0
2033,1
2034,0
2035,0
2036,0
2037,0
2038,1
2039,0
2040,0
2041,0
2042,0
2043,0
2044,0
2045,0
2046,0
2047,1
2048,0
2049,0
2050,0
2051,1
2052,0
2053,0
2054,0
2055,0
2056,1
2057,0
2058,0
2059,0
2060,1
2061,0
2062,0
2063,0
2064,0
2065,0
2066,1
2067,0
2068,0
2069,0
2070,0
2071,1
2072,0
2073,0
2074,0
2075,0
2076,0
2077,0
2078,0
2079,0
2080,0
2081,0
2082,1
2083,0
2084,0
2085,0
2086,0
2087,0
2088,0
2089,0
2090,0
2091,0
2092,0
2093,0
2094,1
2095,0
2096,1
2097,0
2098,0
2099,0
2100,0
2101,0
2102,0
2103,0
2104,0
2105,0
2106,0
2107,1
2108,0
2109,0
2110,0
2111,1
2112,0
2113,0
2114,0
2115,0
2116,1
2117,0
2118,1
2119,0
2120,1
2121,0
2122,0
2123,1
2124,1
2125,1
2126,0
2127,1
2128,0
2129,1
2130,1
2131,0
2132,1
2133,1
2134,1
2135,1
2136,1
2137,0
2138,1
2139,0
2140,1
2141,1
2142,1
2143,1
2144,0
2145,1
2146,0
2147,1
2148,0
2149,0
2150,0
2151,1
2152,1
2153,0
2154,1
2155,1
2156,1
2157,1
2158,1
2159,0
2160,1
2161,1
2162,1
2163,1
2164,1
2165,1
2166,1
2167,1
2168,1
2169,1
2170,1
2171,1
2172,1
2173,1
2174,1
2175,1
2176,1
2177,1
2178,1
2179,1
2180,1
2181,1
2182,1
2183,1
2184,1
2185,1
2186,1
2187,1
2188,1
2189,1
2190,1
2191,1
2192,1
2193,1
2194,1
2195,1
2196,1
2197,1
2198,1
2199,1
2200,0
2201,0
2202,0
2203,0
2204,0
2205,0
2206,1
2207,0
2208,0
2209,1
2210,0
2211,0
2212,1
2213,0
2214,0
2215,0
2216,0
2217,0
2218,0
2219,0
2220,0
2221,1
2222,1
2223,0
2224,0
2225,0
2226,0
2227,0
2228,0
2229,0
2230,0
2231,0
2232,0
2233,0
2234,0
2235,0
2236,0
2237,0
2238,0
2239,0
2240,0
2241,0
2242,0
2243,0
2244,0
2245,1
2246,0
2247,0
2248,0
2249,0
2250,0
2251,0
2252,0
2253,0
2254,0
2255,0
2256,0
2257,1
2258,0
2259,0
2260,0
2261,0
2262,0
2263,0
2264,0
2265,0
2266,1
2267,0
2268,1
2269,0
2270,1
2271,1
2272,0
2273,0
2274,1
2275,0
2276,0
2277,0
2278,1
2279,1
2280,0
2281,0
2282,0
2283,0
2284,0
2285,1
2286,0
2287,0
2288,0
2289,0
2290,0
2291,1
2292,0
2293,0
2294,1
2295,0
2296,1
2297,0
2298,0
2299,0
2300,0
2301,0
2302,1
2303,0
2304,0
2305,0
2306,0
2307,0
2308,0
2309,0
2310,0
2311,0
2312,0
2313,0
2314,0
2315,0
2316,0
2317,0
2318,1
2319,0
2320,0
2321,1
2322,0
2323,0
2324,0
2325,1
2326,0
2327,0
2328,0
2329,1
2330,1
2331,1
2332,0
2333,0
2334,0
2335,0
2336,1
2337,0
2338,0
2339,0
2340,1
2341,1
2342,0
2343,1
2344,0
2345,1
2346,0
2347,0
2348,1
2349,0
2350,0
2351,0
2352,1
2353,0
2354,0
2355,0
2356,1
2357,0
2358,0
2359,1
2360,1
2361,1
2362,1
2363,1
2364,0
2365,0
2366,0
2367,1
2368,0
2369,0
2370,0
2371,0
2372,0
2373,1
2374,1
2375,0
2376,1
2377,1
2378,0
2379,1
2380,0
2381,1
2382,0
2383,0
2384,1
2385,0
2386,1
2387,1
2388,1
2389,0
2390,1
2391,1
2392,1
2393,0
2394,0
2395,1
2396,0
2397,0
2398,0
2399,1
2400,0
2401,1
2402,1
2403,1
2404,1
2405,0
2406,0
2407,1
2408,0
2409,1
2410,1
2411,1
2412,0
2413,0
2414,1
2415,1
2416,1
2417,1
2418,1
2419,0
2420,1
2421,0
2422,1
2423,0
2424,0
2425,0
2426,1
2427,1
2428,1
2429,0
2430,0
2431,1
2432,0
2433,0
2434,1
2435,1
2436,0
2437,1
2438,1
2439,1
2440,1
2441,1
2442,1
2443,1
2444,1
2445,1
2446,1
2447,1
2448,1
2449,1
2450,1
2451,1
2452,1
2453,1
2454,1
2455,1
2456,1
2457,0
2458,1
2459,1
2460,1
2461,1
2462,1
2463,1
2464,1
2465,1
2466,1
2467,1
2468,1
2469,1
2470,1
2471,1
2472,1
2473,1
2474,1
2475,1
2476,0
2477,1
2478,0
2479,0
2480,0
2481,0
2482,0
2483,0
2484,0
2485,0
2486,0
2487,0
2488,0
2489,0
2490,0
2491,0
2492,0
2493,0
2494,0
2495,0
2496,0
2497,0
2498,0
2499,0
2500,0
2501,0
2502,0
2503,0
2504,0
2505,0
2506,0
2507,0
2508,0
2509,0
2510,0
2511,0
2512,0
2513,0
2514,0
2515,0
2516,0
2517,0
2518,0
2519,0
2520,0
2521,0
2522,0
2523,0
2524,0
2525,0
2526,0
2527,0
2528,0
2529,0
2530,0
2531,0
2532,0
2533,0
2534,0
2535,0
2536,0
2537,0
2538,0
2539,0
2540,0
2541,0
2542,0
2543,0
2544,0
2545,1
2546,0
2547,0
2548,0
2549,0
2550,0
2551,0
2552,0
2553,0
2554,0
2555,0
2556,0
2557,0
2558,0
2559,0
2560,0
2561,0
2562,0
2563,0
2564,0
2565,0
2566,0
2567,0
2568,0
2569,0
2570,0
2571,0
2572,0
2573,0
2574,0
2575,0
2576,0
2577,0
2578,0
2579,0
2580,1
2581,0
2582,1
2583,0
2584,0
2585,0
2586,0
2587,0
2588,1
2589,1
2590,1
2591,1
2592,1
2593,1
2594,0
2595,0
2596,1
2597,0
2598,0
2599,0
2600,0
2601,0
2602,1
2603,0
2604,1
2605,0
2606,0
2607,1
2608,0
2609,0
2610,1
2611,1
2612,1
2613,0
2614,0
2615,0
2616,0
2617,1
2618,1
2619,0
2620,0
2621,1
2622,0
2623,0
2624,1
2625,0
2626,0
2627,1
2628,0
2629,0
2630,0
2631,0
2632,0
2633,0
2634,0
2635,0
2636,0
2637,0
2638,0
2639,0
2640,1
2641,0
2642,0
2643,1
2644,0
2645,0
2646,0
2647,1
2648,0
2649,0
2650,0
2651,0
2652,0
2653,0
2654,1
2655,0
2656,0
2657,0
2658,1
2659,0
2660,0
2661,0
2662,1
2663,0
2664,1
2665,0
2666,0
2667,0
2668,0
2669,0
2670,0
2671,0
2672,0
2673,1
2674,0
2675,0
2676,0
2677,0
2678,0
2679,0
2680,0
2681,0
2682,0
2683,0
2684,0
2685,0
2686,0
2687,0
2688,0
2689,0
2690,0
2691,0
2692,0
2693,0
2694,0
2695,0
2696,0
2697,0
2698,0
2699,0
2700,0
2701,0
2702,0
2703,1
2704,0
2705,0
2706,0
2707,0
2708,0
2709,1
2710,0
2711,1
2712,0
2713,0
2714,0
2715,0
2716,1
2717,0
2718,0
2719,1
2720,1
2721,1
2722,1
2723,1
2724,1
2725,1
2726,1
2727,0
2728,1
2729,0
2730,0
2731,0
2732,0
2733,0
2734,1
2735,0
2736,1
2737,0
2738,0
2739,1
2740,1
2741,0
2742,0
2743,0
2744,1
2745,1
2746,0
2747,0
2748,1
2749,1
2750,0
2751,1
2752,1
2753,1
2754,1
2755,1
2756,0
2757,1
2758,1
2759,1
2760,1
2761,1
2762,1
2763,0
2764,0
2765,1
2766,0
2767,1
2768,1
2769,0
2770,1
2771,1
2772,1
2773,1
2774,0
2775,1
2776,1
2777,1
2778,1
2779,1
2780,0
2781,0
2782,1
2783,0
2784,0
2785,1
2786,0
2787,1
2788,1
2789,0
2790,0
2791,1
2792,0
2793,0
2794,0
2795,1
2796,1
2797,1
2798,1
2799,1
2800,1
2801,0
2802,0
2803,0
2804,0
2805,0
2806,0
2807,0
2808,1
2809,0
2810,0
2811,1
2812,1
2813,0
2814,1
2815,0
2816,1
2817,1
2818,1
2819,1
2820,1
2821,0
2822,1
2823,0
2824,0
2825,0
2826,1
2827,1
2828,1
2829,1
2830,1
2831,1
2832,1
2833,1
2834,1
2835,1
2836,0
2837,1
2838,1
2839,1
2840,0
2841,1
2842,1
2843,1
2844,1
2845,1
2846,0
2847,0
2848,0
2849,1
2850,1
2851,1
2852,1
2853,1
2854,1
2855,0
2856,1
2857,1
2858,1
2859,1
2860,1
2861,1
2862,1
2863,1
2864,0
2865,0
2866,0
2867,1
2868,1
2869,1
2870,0
2871,0
2872,0
2873,0
2874,0
2875,0
2876,1
2877,1
2878,0
2879,1
2880,1
2881,0
2882,0
2883,1
2884,1
2885,0
2886,0
2887,0
2888,0
2889,0
2890,0
2891,0
2892,0
2893,0
2894,0
2895,0
2896,0
2897,0
2898,0
2899,0
2900,0
2901,0
2902,0
2903,0
2904,0
2905,0
2906,0
2907,0
2908,0
2909,0
2910,0
2911,0
2912,0
2913,0
2914,0
2915,1
2916,0
2917,0
2918,0
2919,0
2920,0
2921,0
2922,1
2923,0
2924,0
2925,1
2926,0
2927,0
2928,0
2929,0
2930,1
2931,1
2932,0
2933,0
2934,1
2935,1
2936,0
2937,0
2938,0
2939,0
2940,0
2941,0
2942,0
2943,0
2944,0
2945,1
2946,0
2947,0
2948,0
2949,0
2950,1
2951,0
2952,1
2953,0
2954,0
2955,0
2956,0
2957,0
2958,0
2959,0
2960,0
2961,0
2962,1
2963,0
2964,0
2965,0
2966,0
2967,0
2968,0
2969,0
2970,0
2971,0
2972,0
2973,0
2974,1
2975,1
2976,0
2977,0
2978,0
2979,1
2980,0
2981,0
2982,1
2983,0
2984,0
2985,0
2986,0
2987,0
2988,0
2989,0
2990,0
2991,1
2992,1
2993,1
2994,1
2995,1
2996,1
2997,0
2998,1
2999,1
3000,1
3001,1
3002,0
3003,0
3004,0
3005,1
3006,1
3007,1
3008,1
3009,0
3010,1
3011,0
3012,0
3013,0
3014,1
3015,1
3016,1
3017,0
3018,0
3019,0
3020,1
3021,0
3022,0
3023,1
3024,0
3025,1
3026,0
3027,1
3028,1
3029,1
3030,1
3031,0
3032,1
3033,1
3034,0
3035,1
3036,1
3037,1
3038,1
3039,1
3040,1
3041,1
3042,1
3043,0
3044,1
3045,1
3046,1
3047,1
3048,0
3049,1
3050,1
3051,1
3052,1
3053,1
3054,1
3055,0
3056,1
3057,1
3058,1
3059,0
3060,1
3061,1
3062,0
3063,0
3064,1
3065,1
3066,0
3067,0
3068,0
3069,0
3070,0
3071,0
3072,0
3073,0
3074,0
3075,0
3076,0
3077,1
3078,1
3079,0
3080,0
3081,0
3082,0
3083,0
3084,0
3085,0
3086,0
3087,0
3088,0
3089,0
3090,0
3091,0
3092,0
3093,0
3094,0
3095,0
3096,0
3097,0
3098,0
3099,1
3100,0
3101,0
3102,0
3103,0
3104,0
3105,0
3106,0
3107,0
3108,0
3109,1
3110,0
3111,0
3112,0
3113,0
3114,0
3115,0
3116,1
3117,0
3118,0
3119,0
3120,0
3121,0
3122,0
3123,0
3124,1
3125,0
3126,0
3127,0
3128,0
3129,0
3130,0
3131,1
3132,1
3133,0
3134,0
3135,0
3136,0
3137,1
3138,0
3139,0
3140,1
3141,0
3142,1
3143,1
3144,1
3145,1
3146,0
3147,0
3148,1
3149,0
3150,0
3151,0
3152,1
3153,0
3154,0
3155,0
3156,0
3157,0
3158,1
3159,1
3160,1
3161,0
3162,1
3163,0
3164,1
3165,0
3166,0
3167,0
3168,0
3169,0
3170,1
3171,0
3172,0
3173,1
3174,1
3175,0
3176,0
3177,1
3178,1
3179,0
3180,0
3181,0
3182,1
3183,1
3184,0
3185,0
3186,1
3187,0
3188,0
3189,0
3190,1
3191,0
3192,0
3193,1
3194,1
3195,1
3196,1
3197,0
3198,1
3199,1
3200,1
3201,1
3202,1
3203,1
3204,0
3205,1
3206,0
3207,0
3208,0
3209,0
3210,0
3211,0
3212,0
3213,0
3214,0
3215,0
3216,1
3217,0
3218,0
3219,0
3220,1
3221,0
3222,1
3223,0
3224,1
3225,0
3226,1
3227,0
3228,0
3229,0
3230,0
3231,0
3232,0
3233,1
3234,0
3235,0
3236,0
3237,0
3238,1
3239,1
3240,1
3241,1
3242,1
3243,1
3244,1
3245,0
3246,0
3247,1
3248,1
3249,0
3250,1
3251,1
3252,0
3253,0
3254,0
3255,0
3256,0
3257,0
3258,0
3259,0
3260,1
3261,1
3262,0
3263,0
3264,1
3265,0
3266,1
3267,1
3268,1
3269,1
3270,0
3271,1
3272,0
3273,0
3274,0
3275,0
3276,0
3277,0
3278,1
3279,0
3280,0
3281,0
3282,0
3283,0
3284,0
3285,0
3286,1
3287,1
3288,1
3289,0
3290,1
3291,1
3292,1
3293,1
3294,0
3295,1
3296,1
3297,0
3298,0
3299,0
3300,1
3301,1
3302,1
3303,0
3304,0
3305,0
3306,0
3307,1
3308,1
3309,1
3310,1
3311,0
3312,1
3313,1
3314,1
3315,1
3316,0
3317,0
3318,0
3319,1
3320,1
3321,0
3322,0
3323,0
3324,0
3325,1
3326,1
3327,1
3328,1
3329,1
3330,1
3331,1
3332,1
3333,1
3334,1
3335,1
3336,1
3337,1
3338,0
3339,1
3340,1
3341,1
3342,1
3343,1
3344,1
3345,1
3346,1
3347,1
3348,1
3349,1
3350,1
3351,1
3352,1
3353,1
3354,1
3355,1
3356,0
3357,1
3358,1
3359,1
3360,1
3361,1
3362,1
3363,1
3364,1
3365,1
3366,1
3367,1
3368,1
3369,0
3370,1
3371,1
3372,0
3373,0
3374,1
3375,1
3376,1
3377,0
3378,1
3379,1
3380,1
3381,1
3382,0
3383,1
3384,1
3385,0
3386,1
3387,1
3388,1
3389,1
3390,1
3391,1
3392,0
3393,0
3394,1
3395,1
3396,1
3397,0
3398,0
3399,0
3400,0
3401,0
3402,0
3403,0
3404,0
3405,0
3406,0
3407,0
3408,0
3409,0
3410,0
3411,0
3412,0
3413,0
3414,0
3415,0
3416,1
3417,0
3418,0
3419,0
3420,0
3421,0
3422,0
3423,0
3424,0
3425,0
3426,0
3427,0
3428,0
3429,0
3430,0
3431,0
3432,0
3433,0
3434,0
3435,0
3436,0
3437,1
3438,0
3439,0
3440,0
3441,0
3442,1
3443,0
3444,0
3445,0
3446,1
3447,0
3448,0
3449,0
3450,0
3451,0
3452,0
3453,0
3454,0
3455,0
3456,0
3457,1
3458,0
3459,0
3460,1
3461,0
3462,0
3463,0
3464,0
3465,1
3466,0
3467,1
3468,0
3469,1
3470,1
3471,0
3472,0
3473,1
3474,0
3475,1
3476,0
3477,1
3478,0
3479,1
3480,1
3481,1
3482,0
3483,0
3484,0
3485,0
3486,1
3487,0
3488,0
3489,0
3490,1
3491,0
3492,0
3493,0
3494,0
3495,0
3496,1
3497,0
3498,1
3499,0
3500,0
3501,0
3502,0
3503,1
3504,0
3505,0
3506,1
3507,0
3508,0
3509,0
3510,1
3511,1
3512,1
3513,0
3514,1
3515,0
3516,0
3517,1
3518,0
3519,0
3520,0
3521,1
3522,1
3523,1
3524,1
3525,1
3526,1
3527,0
3528,0
3529,0
3530,0
3531,0
3532,0
3533,0
3534,0
3535,0
3536,0
3537,0
3538,0
3539,1
3540,0
3541,1
3542,1
3543,0
3544,0
3545,0
3546,0
3547,1
3548,0
3549,1
3550,0
3551,1
3552,1
3553,0
3554,1
3555,0
3556,1
3557,1
3558,1
3559,1
3560,0
3561,1
3562,1
3563,1
3564,0
3565,1
3566,0
3567,0
3568,1
3569,0
3570,1
3571,1
3572,1
3573,1
3574,1
3575,0
3576,1
3577,1
3578,1
3579,0
3580,1
3581,0
3582,1
3583,1
3584,0
3585,1
3586,1
3587,1
3588,0
3589,1
3590,0
3591,1
3592,1
3593,1
3594,0
3595,1
3596,1
3597,1
3598,1
3599,0
3600,1
3601,0
3602,1
3603,1
3604,1
3605,0
3606,1
3607,0
3608,0
3609,1
3610,1
3611,1
3612,1
3613,1
3614,1
3615,1
3616,1
3617,1
3618,0
3619,1
3620,1
3621,1
3622,0
3623,1
3624,1
3625,0
3626,1
3627,0
3628,1
3629,1
3630,1
3631,0
3632,1
3633,1
3634,0
3635,0
3636,0
3637,0
3638,1
3639,0
3640,1
3641,1
3642,1
3643,1
3644,0
3645,0
3646,0
3647,1
3648,0
3649,0
3650,0
3651,1
3652,1
3653,1
3654,1
3655,0
3656,1
3657,1
3658,1
3659,1
3660,1
3661,0
3662,0
3663,0
3664,0
3665,0
3666,0
3667,0
3668,1
3669,0
3670,0
3671,0
3672,0
3673,1
3674,0
3675,0
3676,0
3677,0
3678,0
3679,1
3680,0
3681,0
3682,0
3683,0
3684,0
3685,0
3686,0
3687,1
3688,0
3689,0
3690,0
3691,1
3692,0
3693,0
3694,0
3695,1
3696,0
3697,1
3698,0
3699,0
3700,0
3701,0
3702,0
3703,0
3704,0
3705,0
3706,0
3707,0
3708,0
3709,0
3710,0
3711,0
3712,0
3713,0
3714,0
3715,0
3716,0
3717,0
3718,0
3719,0
3720,0
3721,0
3722,0
3723,0
3724,0
3725,0
3726,0
3727,0
3728,0
3729,0
3730,1
3731,0
3732,0
3733,0
3734,0
3735,0
3736,0
3737,0
3738,0
3739,0
3740,1
3741,0
3742,0
3743,0
3744,0
3745,0
3746,0
3747,0
3748,0
3749,0
3750,1
3751,0
3752,0
3753,0
3754,0
3755,0
3756,0
3757,0
3758,0
3759,0
3760,1
3761,0
3762,0
3763,0
3764,0
3765,0
3766,0
3767,0
3768,0
3769,0
3770,0
3771,0
3772,1
3773,0
3774,0
3775,0
3776,1
3777,0
3778,1
3779,1
3780,1
3781,1
3782,1
3783,1
3784,1
3785,1
3786,0
3787,0
3788,0
3789,1
3790,1
3791,1
3792,0
3793,0
3794,1
3795,1
3796,1
3797,0
3798,1
3799,1
3800,1
3801,1
3802,1
3803,1
3804,0
3805,0
3806,1
3807,1
3808,1
3809,0
3810,0
3811,0
3812,0
3813,0
3814,0
3815,1
3816,0
3817,1
3818,0
3819,0
3820,0
3821,0
3822,0
3823,0
3824,0
3825,0
3826,0
3827,1
3828,0
3829,1
3830,0
3831,1
3832,0
3833,1
3834,0
3835,1
3836,1
3837,0
3838,0
3839,0
3840,0
3841,0
3842,0
3843,0
3844,0
3845,0
3846,0
3847,0
3848,0
3849,0
3850,0
3851,0
3852,0
3853,0
3854,1
3855,0
3856,1
3857,0
3858,1
3859,0
3860,1
3861,1
3862,0
3863,1
3864,0
3865,0
3866,0
3867,0
3868,0
3869,0
3870,0
3871,1
3872,1
3873,0
3874,0
3875,0
3876,0
3877,0
3878,0
3879,0
3880,0
3881,0
3882,0
3883,1
3884,1
3885,1
3886,0
3887,0
3888,0
3889,0
3890,0
3891,0
3892,0
3893,0
3894,1
3895,0
3896,0
3897,0
3898,0
3899,0
3900,0
3901,0
3902,0
3903,0
3904,0
3905,0
3906,0
3907,0
3908,0
3909,0
3910,0
3911,0
3912,1
3913,0
3914,0
3915,1
3916,0
3917,0
3918,0
3919,0
3920,0
3921,0
3922,0
3923,0
3924,0
3925,0
3926,0
3927,0
3928,1
3929,0
3930,0
3931,0
3932,1
3933,0
3934,1
3935,1
3936,0
3937,0
3938,0
3939,1
3940,0
3941,0
3942,1
3943,1
3944,1
3945,0
3946,1
3947,1
3948,1
3949,0
3950,1
3951,1
3952,0
3953,1
3954,1
3955,1
3956,1
3957,1
3958,1
3959,1
3960,1
3961,0
3962,0
3963,0
3964,1
3965,1
3966,1
3967,0
3968,1
3969,0
3970,0
3971,1
3972,1
3973,0
3974,1
3975,0
3976,1
3977,1
3978,0
3979,0
3980,1
3981,1
3982,1
3983,0
3984,0
3985,1
3986,1
3987,1
3988,0
3989,0
3990,1
3991,1
3992,1
3993,1
3994,0
3995,0
3996,0
3997,1
3998,1
3999,1
4000,1
4001,0
4002,1
4003,1
4004,0
4005,1
4006,1
4007,1
4008,1
4009,1
4010,1
4011,1
4012,0
4013,1
4014,1
4015,1
4016,1
4017,1
4018,1
4019,1
4020,1
4021,1
4022,0
4023,0
4024,0
4025,1
4026,1
4027,0
4028,0
4029,0
4030,1
4031,0
4032,1
4033,0
4034,0
4035,1
4036,1
4037,0
4038,0
4039,1
4040,1
4041,0
4042,0
4043,1
4044,1
4045,1
4046,1
4047,0
4048,1
4049,1
4050,1
4051,1
4052,0
4053,0
4054,1
4055,1
4056,1
4057,1
4058,1
4059,1
4060,1
4061,0
4062,1
4063,1
4064,1
4065,1
4066,1
4067,0
4068,0
4069,0
4070,1
4071,0
4072,0
4073,0
4074,0
4075,1
4076,1
4077,1
4078,1
4079,0
4080,0
4081,1
4082,0
4083,1
4084,0
4085,0
4086,0
4087,0
4088,0
4089,1
4090,1
4091,0
4092,0
4093,1
4094,1
4095,0
4096,1
4097,1
4098,1
4099,1
4100,0
4101,0
4102,1
4103,0
4104,1
4105,1
4106,1
4107,0
4108,0
4109,1
4110,0
4111,0
4112,1
4113,1
4114,1
4115,1
4116,1
4117,0
4118,0
4119,1
4120,0
4121,1
4122,1
4123,0
4124,0
4125,1
4126,0
4127,1
4128,0
4129,1
4130,1
4131,1
4132,1
4133,0
4134,1
4135,1
4136,1
4137,1
4138,0
4139,0
4140,0
4141,0
4142,0
4143,0
4144,0
4145,0
4146,0
4147,0
4148,0
4149,0
4150,0
4151,0
4152,0
4153,0
4154,0
4155,0
4156,0
4157,0
4158,0
4159,0
4160,0
4161,0
4162,0
4163,0
4164,0
4165,0
4166,0
4167,0
4168,0
4169,0
4170,0
4171,1
4172,0
4173,0
4174,0
4175,0
4176,0
4177,0
4178,0
4179,0
4180,0
4181,0
4182,0
4183,0
4184,0
4185,0
4186,0
4187,1
4188,1
4189,0
4190,0
4191,0
4192,0
4193,0
4194,0
4195,0
4196,0
4197,1
4198,0
4199,1
4200,0
4201,0
4202,0
4203,0
4204,0
4205,0
4206,1
4207,0
4208,0
4209,0
4210,0
4211,0
4212,1
4213,0
4214,0
4215,1
4216,1
4217,1
4218,0
4219,1
4220,0
4221,1
4222,0
4223,0
4224,0
4225,0
4226,0
4227,1
4228,1
4229,0
4230,1
4231,0
4232,1
4233,0
4234,0
4235,1
4236,1
4237,0
4238,0
4239,1
4240,1
4241,1
4242,1
4243,0
4244,1
4245,0
4246,1
4247,0
4248,1
4249,1
4250,1
4251,0
4252,1
4253,1
4254,0
4255,1
4256,1
4257,1
4258,0
4259,1
4260,1
4261,0
4262,0
4263,1
4264,0
4265,1
4266,0
4267,0
4268,1
4269,1
4270,0
4271,1
4272,0
4273,0
4274,1
4275,0
4276,1
4277,0
4278,0
4279,1
4280,0
4281,1
4282,0
4283,0
4284,0
4285,0
4286,0
4287,0
4288,0
4289,0
4290,0
4291,0
4292,0
4293,0
4294,0
4295,0
4296,0
4297,0
4298,0
4299,0
4300,0
4301,0
4302,0
4303,0
4304,0
4305,0
4306,0
4307,0
4308,0
4309,0
4310,0
4311,0
4312,0
4313,0
4314,0
4315,0
4316,0
4317,0
4318,0
4319,0
4320,0
4321,1
4322,0
4323,1
4324,0
4325,0
4326,0
4327,0
4328,1
4329,1
4330,1
4331,1
4332,0
4333,0
4334,1
4335,1
4336,1
4337,0
4338,0
4339,0
4340,1
4341,0
4342,0
4343,0
4344,1
4345,1
4346,1
4347,0
4348,1
4349,0
4350,1
4351,0
4352,1
4353,0
4354,1
4355,1
4356,0
4357,0
4358,1
4359,0
4360,1
4361,1
4362,1
4363,1
4364,0
4365,0
4366,1
4367,0
4368,0
4369,0
4370,0
4371,1
4372,1
4373,1
4374,1
4375,1
4376,1
4377,1
4378,1
4379,0
4380,1
4381,0
4382,0
4383,0
4384,0
4385,0
4386,0
4387,0
4388,1
4389,0
4390,0
4391,0
4392,0
4393,0
4394,0
4395,0
4396,0
4397,0
4398,0
4399,0
4400,0
4401,0
4402,1
4403,0
4404,0
4405,0
4406,1
4407,0
4408,0
4409,1
4410,1
4411,0
4412,0
4413,0
4414,0
4415,0
4416,0
4417,0
4418,0
4419,0
4420,0
4421,1
4422,0
4423,0
4424,1
4425,1
4426,1
4427,0
4428,1
4429,0
4430,1
4431,1
4432,0
4433,0
4434,1
4435,1
4436,1
4437,1
4438,1
4439,1
4440,0
4441,0
4442,1
4443,0
4444,0
4445,0
4446,1
4447,1
4448,0
4449,0
4450,1
4451,0
4452,1
4453,1
4454,1
4455,1
4456,1
4457,1
4458,0
4459,1
4460,0
4461,1
4462,1
4463,0
4464,0
4465,1
4466,0
4467,0
4468,1
4469,0
4470,1
4471,1
4472,1
4473,1
4474,0
4475,1
4476,1
4477,1
4478,0
4479,0
4480,1
4481,1
4482,1
4483,1
4484,1
4485,1
4486,1
4487,1
4488,1
4489,0
4490,0
4491,0
4492,0
4493,0
4494,0
4495,0
4496,0
4497,0
4498,0
4499,0
4500,0
4501,0
4502,0
4503,0
4504,1
4505,0
4506,0
4507,1
4508,0
4509,0
4510,0
4511,0
4512,0
4513,0
4514,0
4515,0
4516,1
4517,1
4518,0
4519,0
4520,0
4521,0
4522,0
4523,0
4524,0
4525,0
4526,1
4527,1
4528,0
4529,1
4530,0
4531,0
4532,0
4533,1
4534,1
4535,0
4536,0
4537,0
4538,0
4539,1
4540,1
4541,1
4542,1
4543,1
4544,0
4545,0
4546,0
4547,1
4548,1
4549,0
4550,1
4551,1
4552,1
4553,1
4554,1
4555,0
4556,1
4557,0
4558,1
4559,1
4560,0
4561,1
4562,0
4563,0
4564,0
4565,0
4566,0
4567,0
4568,0
4569,0
4570,0
4571,0
4572,1
4573,1
4574,1
4575,1
4576,1
4577,1
4578,0
4579,0
4580,0
4581,0
4582,0
4583,1
4584,0
4585,1
4586,0
4587,0
4588,0
4589,1
4590,1
4591,0
4592,1
4593,1
4594,1
4595,0
4596,0
4597,1
4598,0
4599,0
4600,0
4601,1
4602,0
4603,0
4604,1
4605,1
4606,0
4607,0
4608,0
4609,0
4610,0
4611,0
4612,0
4613,0
4614,0
4615,0
4616,0
4617,0
4618,1
4619,0
4620,0
4621,0
4622,0
4623,1
4624,0
4625,0
4626,0
4627,0
4628,0
4629,0
4630,0
4631,1
4632,0
4633,0
4634,0
4635,0
4636,1
4637,1
4638,0
4639,0
4640,0
4641,0
4642,0
4643,0
4644,0
4645,1
4646,0
4647,0
4648,0
4649,0
4650,0
4651,0
4652,1
4653,0
4654,0
4655,0
4656,1
4657,0
4658,0
4659,0
4660,0
4661,0
4662,0
4663,0
4664,0
4665,0
4666,0
4667,0
4668,0
4669,0
4670,0
4671,1
4672,1
4673,0
4674,0
4675,0
4676,0
4677,0
4678,1
4679,1
4680,0
4681,0
4682,0
4683,1
4684,0
4685,1
4686,0
4687,1
4688,0
4689,0
4690,0
4691,1
4692,0
4693,0
4694,0
4695,1
4696,0
4697,0
4698,0
4699,1
4700,0
4701,1
4702,1
4703,0
4704,0
4705,0
4706,0
4707,0
4708,0
4709,1
4710,0
4711,0
4712,0
4713,0
4714,1
4715,0
4716,0
4717,0
4718,0
4719,0
4720,0
4721,0
4722,0
4723,0
4724,0
4725,0
4726,0
4727,0
4728,0
4729,0
4730,0
4731,0
4732,0
4733,0
4734,0
4735,0
4736,1
4737,0
4738,0
4739,0
4740,0
4741,0
4742,0
4743,0
4744,0
4745,1
4746,1
4747,0
4748,1
4749,1
4750,1
4751,0
4752,1
4753,1
4754,0
4755,0
4756,0
4757,1
4758,0
4759,1
4760,1
4761,1
4762,0
4763,1
4764,0
4765,1
4766,0
4767,0
4768,0
4769,0
4770,0
4771,1
4772,0
4773,0
4774,1
4775,0
4776,0
4777,0
4778,1
4779,1
4780,0
4781,0
4782,1
4783,0
4784,1
4785,1
4786,1
4787,0
4788,0
4789,1
4790,0
4791,0
4792,0
4793,1
4794,0
4795,1
4796,1
4797,1
4798,0
4799,1
4800,1
4801,0
4802,1
4803,0
4804,1
4805,0
4806,0
4807,0
4808,1
4809,0
4810,1
4811,0
4812,0
4813,0
4814,0
4815,0
4816,0
4817,0
4818,1
4819,0
4820,1
4821,1
4822,1
4823,1
4824,1
4825,1
4826,0
4827,1
4828,0
4829,1
4830,1
4831,0
4832,1
4833,1
4834,1
4835,0
4836,1
4837,1
4838,0
4839,1
4840,1
4841,1
4842,1
4843,0
4844,1
4845,1
4846,1
4847,0
4848,1
4849,0
4850,0
4851,1
4852,0
4853,0
4854,0
4855,0
4856,0
4857,0
4858,0
4859,0
4860,0
4861,1
4862,1
4863,0
4864,0
4865,0
4866,0
4867,0
4868,0
4869,0
4870,0
4871,0
4872,0
4873,0
4874,0
4875,1
4876,0
4877,1
4878,1
4879,1
4880,1
4881,1
4882,0
4883,0
4884,0
4885,1
4886,1
4887,1
4888,1
4889,1
4890,0
4891,0
4892,1
4893,1
4894,1
4895,0
4896,0
4897,1
4898,1
4899,0
4900,1
4901,1
4902,0
4903,0
4904,1
4905,1
4906,1
4907,1
4908,1
4909,1
4910,1
4911,1
4912,0
4913,0
4914,0
4915,0
4916,0
4917,0
4918,0
4919,0
4920,0
4921,0
4922,0
4923,0
4924,0
4925,0
4926,0
4927,0
4928,0
4929,0
4930,0
4931,0
4932,0
4933,0
4934,1
4935,0
4936,0
4937,0
4938,0
4939,0
4940,1
4941,0
4942,0
4943,0
4944,0
4945,0
4946,0
4947,0
4948,0
4949,0
4950,0
4951,0
4952,0
4953,0
4954,0
4955,0
4956,0
4957,0
4958,0
4959,0
4960,0
4961,0
4962,0
4963,0
4964,0
4965,0
4966,0
4967,0
4968,0
4969,0
4970,0
4971,0
4972,0
4973,0
4974,1
4975,0
4976,0
4977,0
4978,0
4979,1
4980,0
4981,1
4982,0
4983,0
4984,1
4985,1
4986,0
4987,0
4988,0
4989,0
4990,1
4991,0
4992,0
4993,1
4994,0
4995,0
4996,1
4997,0
4998,0
4999,0
5000,0
5001,0
5002,1
5003,0
5004,1
5005,0
5006,1
5007,1
5008,0
5009,1
5010,0
5011,0
5012,0
5013,0
5014,0
5015,0
5016,0
5017,0
5018,0
5019,0
5020,0
5021,0
5022,1
5023,0
5024,0
5025,0
5026,0
5027,0
5028,0
5029,0
5030,0
5031,0
5032,0
5033,0
5034,0
5035,1
5036,0
5037,0
5038,1
5039,1
5040,0
5041,0
5042,0
5043,0
5044,0
5045,0
5046,0
5047,0
5048,1
5049,1
5050,0
5051,1
5052,0
5053,1
5054,0
5055,0
5056,1
5057,1
5058,1
5059,0
5060,1
5061,1
5062,0
5063,1
5064,0
5065,0
5066,0
5067,1
5068,0
5069,1
5070,0
5071,1
5072,0
5073,1
5074,0
5075,1
5076,0
5077,1
5078,0
5079,0
5080,0
5081,1
5082,1
5083,1
5084,1
5085,1
5086,1
5087,0
5088,0
5089,1
5090,1
5091,1
5092,1
5093,1
5094,1
5095,1
5096,1
5097,1
5098,1
5099,1
5100,1
5101,1
5102,1
5103,0
5104,1
5105,1
5106,1
5107,1
5108,1
5109,1
5110,1
5111,1
5112,1
5113,1
5114,0
5115,0
5116,0
5117,1
5118,1
5119,0
5120,1
5121,1
5122,0
5123,0
5124,0
5125,0
5126,0
5127,0
5128,0
5129,0
5130,1
5131,0
5132,0
5133,0
5134,1
5135,0
5136,0
5137,0
5138,0
5139,1
5140,0
5141,0
5142,1
5143,1
5144,1
5145,1
5146,0
5147,1
5148,1
5149,0
5150,0
5151,0
5152,1
5153,0
5154,0
5155,0
5156,0
5157,0
5158,0
5159,0
5160,0
5161,0
5162,0
5163,0
5164,1
5165,0
5166,0
5167,0
5168,0
5169,0
5170,0
5171,0
5172,0
5173,0
5174,0
5175,0
5176,0
5177,0
5178,0
5179,0
5180,0
5181,0
5182,0
5183,0
5184,0
5185,0
5186,0
5187,0
5188,0
5189,0
5190,0
5191,0
5192,0
5193,0
5194,0
5195,0
5196,0
5197,0
5198,0
5199,0
5200,0
5201,0
5202,0
5203,1
5204,0
5205,0
5206,0
5207,0
5208,0
5209,0
5210,0
5211,0
5212,0
5213,0
5214,0
5215,0
5216,0
5217,0
5218,0
5219,0
5220,0
5221,0
5222,0
5223,0
5224,0
5225,0
5226,0
5227,0
5228,0
5229,0
5230,0
5231,0
5232,0
5233,0
5234,0
5235,0
5236,0
5237,0
5238,0
5239,1
5240,0
5241,0
5242,1
5243,1
5244,1
5245,1
5246,1
5247,1
5248,1
5249,1
5250,1
5251,1
5252,1
5253,1
5254,1
5255,1
5256,1
5257,1
5258,1
5259,1
5260,1
5261,1
5262,1
5263,1
5264,1
5265,1
5266,1
5267,1
5268,1
5269,1
5270,1
5271,1
5272,1
5273,1
5274,1
5275,1
5276,1
5277,1
5278,1
5279,1
5280,1
5281,1
5282,1
5283,1
5284,1
5285,1
5286,1
5287,1
5288,1
5289,1
5290,1
5291,1
5292,1
5293,1
5294,1
5295,1
5296,1
5297,1
5298,0
5299,1
5300,1
5301,1
5302,1
5303,0
5304,1
5305,1
5306,1
5307,1
5308,1
5309,1
5310,1
5311,1
5312,1
5313,1
5314,1
5315,1
5316,1
5317,1
5318,1
5319,1
5320,0
5321,0
5322,0
5323,0
5324,0
5325,0
5326,0
5327,0
5328,0
5329,0
5330,0
5331,0
5332,0
5333,0
5334,0
5335,0
5336,0
5337,0
5338,0
5339,0
5340,0
5341,0
5342,0
5343,0
5344,0
5345,0
5346,0
5347,0
5348,0
5349,0
5350,0
5351,1
5352,0
5353,0
5354,0
5355,0
5356,0
5357,0
5358,1
5359,0
5360,0
5361,0
5362,0
5363,0
5364,0
5365,0
5366,0
5367,0
5368,0
5369,1
5370,0
5371,0
5372,0
5373,0
5374,1
5375,0
5376,0
5377,0
5378,0
5379,0
5380,0
5381,0
5382,0
5383,0
5384,0
5385,0
5386,0
5387,0
5388,0
5389,0
5390,0
5391,0
5392,0
5393,0
5394,0
5395,0
5396,0
5397,0
5398,0
5399,0
5400,0
5401,0
5402,0
5403,0
5404,0
5405,0
5406,0
5407,0
5408,0
5409,0
5410,0
5411,0
5412,0
5413,0
5414,0
5415,0
5416,0
5417,0
5418,0
5419,0
5420,0
5421,0
5422,0
5423,0
5424,0
5425,0
5426,0
5427,1
5428,1
5429,1
5430,0
5431,1
5432,1
5433,1
5434,0
5435,0
5436,1
5437,1
5438,0
5439,1
5440,1
5441,1
5442,1
5443,0
5444,1
5445,1
5446,1
5447,1
5448,1
5449,0
5450,1
5451,0
5452,0
5453,1
5454,1
5455,1
5456,0
5457,1
5458,1
5459,0
5460,0
5461,1
5462,1
5463,1
5464,0
5465,0
5466,0
5467,0
5468,0
5469,0
5470,0
5471,0
5472,0
5473,0
5474,0
5475,0
5476,0
5477,0
5478,0
5479,0
5480,0
5481,0
5482,0
5483,0
5484,0
5485,0
5486,0
5487,0
5488,0
5489,0
5490,0
5491,0
5492,0
5493,0
5494,0
5495,0
5496,0
5497,0
5498,0
5499,0
5500,0
5501,0
5502,0
5503,1
5504,0
5505,0
5506,1
5507,0
5508,0
5509,0
5510,0
5511,0
5512,1
5513,0
5514,1
5515,1
5516,0
5517,0
5518,0
5519,1
5520,1
5521,0
5522,0
5523,1
5524,1
5525,1
5526,0
5527,0
5528,0
5529,1
5530,1
5531,0
5532,0
5533,0
5534,0
5535,1
5536,1
5537,0
5538,1
5539,1
5540,1
5541,1
5542,1
5543,1
5544,0
5545,1
5546,0
5547,1
5548,1
5549,0
5550,0
5551,1
5552,1
5553,1
5554,1
5555,0
5556,1
5557,0
5558,0
5559,0
5560,1
5561,1
5562,1
5563,0
5564,0
5565,1
5566,0
5567,0
5568,0
5569,0
5570,0
5571,0
5572,1
5573,0
5574,0
5575,1
5576,0
5577,1
5578,0
5579,1
5580,1
5581,1
5582,1
5583,1
5584,1
5585,1
5586,1
5587,1
5588,1
5589,1
5590,1
5591,1
5592,0
5593,1
5594,1
5595,1
5596,0
5597,1
5598,1
5599,1
5600,1
5601,0
5602,0
5603,1
5604,1
5605,1
5606,1
5607,1
5608,1
5609,0
5610,1
5611,1
5612,1
5613,0
5614,1
5615,0
5616,0
5617,0
5618,1
5619,1
5620,1
5621,1
5622,1
5623,0
5624,1
5625,1
5626,1
5627,0
5628,1
5629,0
5630,1
5631,1
5632,1
5633,1
5634,1
5635,1
5636,1
5637,1
5638,1
5639,1
5640,1
5641,1
5642,1
5643,0
5644,1
5645,0
5646,1
5647,1
5648,0
5649,1
5650,0
5651,0
5652,1
5653,0
5654,0
5655,0
5656,0
5657,0
5658,0
5659,0
5660,0
5661,0
5662,0
5663,1
5664,0
5665,1
5666,1
5667,0
5668,0
5669,1
5670,0
5671,0
5672,1
5673,1
5674,1
5675,0
5676,0
5677,1
5678,0
5679,1
5680,0
5681,1
5682,0
5683,1
5684,0
5685,0
5686,1
5687,0
5688,1
5689,0
5690,0
5691,0
5692,1
5693,1
5694,1
5695,1
5696,1
5697,0
5698,1
5699,0
5700,0
5701,0
5702,0
5703,0
5704,1
5705,1
5706,1
5707,1
5708,1
5709,1
5710,1
5711,1
5712,1
5713,0
5714,1
5715,0
5716,1
5717,1
5718,1
5719,1
5720,1
5721,1
5722,0
5723,1
5724,1
5725,1
5726,1
5727,1
5728,1
5729,1
5730,1
5731,1
5732,0
5733,1
5734,1
5735,1
5736,1
5737,1
5738,1
5739,1
5740,1
5741,0
5742,0
5743,0
5744,0
5745,0
5746,0
5747,0
5748,0
5749,0
5750,0
5751,0
5752,0
5753,0
5754,0
5755,0
5756,0
5757,0
5758,0
5759,0
5760,0
5761,0
5762,0
5763,0
5764,0
5765,0
5766,0
5767,0
5768,0
5769,0
5770,0
5771,0
5772,1
5773,0
5774,0
5775,1
5776,0
5777,0
5778,0
5779,0
5780,0
5781,1
5782,1
5783,0
5784,1
5785,0
5786,0
5787,0
5788,0
5789,0
5790,1
5791,0
5792,0
5793,1
5794,0
5795,0
5796,0
5797,1
5798,1
5799,0
5800,0
5801,0
5802,1
5803,0
5804,0
5805,0
5806,0
5807,0
5808,1
5809,1
5810,0
5811,1
5812,1
5813,1
5814,1
5815,0
5816,0
5817,1
5818,1
5819,0
5820,0
5821,0
5822,1
5823,1
5824,1
5825,1
5826,0
5827,1
5828,1
5829,0
5830,0
5831,1
5832,1
5833,1
5834,0
5835,1
5836,1
5837,1
5838,0
5839,0
5840,0
5841,0
5842,0
5843,0
5844,0
5845,0
5846,0
5847,0
5848,0
5849,0
5850,0
5851,0
5852,0
5853,0
5854,0
5855,0
5856,0
5857,0
5858,0
5859,0
5860,0
5861,0
5862,0
5863,0
5864,0
5865,0
5866,0
5867,0
5868,0
5869,0
5870,0
5871,0
5872,0
5873,0
5874,0
5875,0
5876,1
5877,1
5878,0
5879,1
5880,0
5881,1
5882,1
5883,1
5884,1
5885,1
5886,1
5887,0
5888,1
5889,1
5890,1
5891,1
5892,0
5893,1
5894,1
5895,1
5896,1
5897,1
5898,1
5899,0
5900,1
5901,1
5902,0
5903,1
5904,1
5905,1
5906,1
5907,1
5908,0
5909,0
5910,0
5911,1
5912,0
5913,0
5914,0
5915,0
5916,0
5917,0
5918,0
5919,0
5920,0
5921,0
5922,0
5923,0
5924,0
5925,0
5926,0
5927,0
5928,0
5929,0
5930,0
5931,0
5932,0
5933,0
5934,0
5935,0
5936,0
5937,0
5938,0
5939,0
5940,0
5941,0
5942,0
5943,0
5944,0
5945,0
5946,0
5947,0
5948,0
5949,0
5950,0
5951,0
5952,0
5953,0
5954,0
5955,0
5956,0
5957,0
5958,0
5959,0
5960,0
5961,0
5962,0
5963,0
5964,0
5965,0
5966,0
5967,0
5968,0
5969,0
5970,0
5971,0
5972,0
5973,0
5974,0
5975,0
5976,0
5977,0
5978,0
5979,0
5980,0
5981,0
5982,0
5983,0
5984,0
5985,0
5986,0
5987,0
5988,0
5989,0
5990,0
5991,0
5992,0
5993,0
5994,0
5995,0
5996,0
5997,0
5998,0
5999,0
6000,0
6001,0
6002,0
6003,0
6004,0
6005,0
6006,0
6007,0
6008,0
6009,0
6010,0
6011,0
6012,0
6013,0
6014,0
6015,0
6016,0
6017,1
6018,0
6019,1
6020,0
6021,1
6022,1
6023,1
6024,1
6025,0
6026,0
6027,0
6028,1
6029,0
6030,1
6031,0
6032,1
6033,1
6034,0
6035,1
6036,0
6037,0
6038,1
6039,1
6040,0
6041,1
6042,1
6043,1
6044,0
6045,1
6046,1
6047,0
6048,0
6049,0
6050,1
6051,1
6052,1
6053,1
6054,0
6055,0
6056,1
6057,1
6058,1
6059,0
6060,1
6061,0
6062,1
6063,1
6064,1
6065,1
6066,1
6067,1
6068,1
6069,1
6070,1
6071,1
6072,1
6073,1
6074,1
6075,1
6076,1
6077,1
6078,1
6079,0
6080,1
6081,0
6082,1
6083,1
6084,1
6085,0
6086,1
6087,0
6088,0
6089,0
6090,0
6091,0
6092,0
6093,0
6094,0
6095,0
6096,0
6097,0
6098,0
6099,0
6100,1
6101,1
6102,0
6103,0
6104,0
6105,0
6106,0
6107,0
6108,0
6109,0
6110,0
6111,0
6112,0
6113,0
6114,0
6115,0
6116,0
6117,0
6118,0
6119,0
6120,0
6121,0
6122,1
6123,0
6124,0
6125,0
6126,0
6127,0
6128,0
6129,0
6130,0
6131,0
6132,0
6133,0
6134,0
6135,0
6136,1
6137,0
6138,0
6139,0
6140,0
6141,0
6142,0
6143,0
6144,0
6145,0
6146,0
6147,0
6148,0
6149,0
6150,0
6151,0
6152,0
6153,0
6154,1
6155,0
6156,0
6157,0
6158,0
6159,1
6160,0
6161,0
6162,0
6163,0
6164,0
6165,0
6166,0
6167,1
6168,0
6169,0
6170,0
6171,0
6172,0
6173,0
6174,0
6175,0
6176,0
6177,1
6178,0
6179,0
6180,0
6181,0
6182,0
6183,1
6184,1
6185,0
6186,1
6187,0
6188,0
6189,0
6190,1
6191,0
6192,0
6193,0
6194,0
6195,0
6196,0
6197,0
6198,0
6199,0
6200,0
6201,0
6202,0
6203,0
6204,0
6205,0
6206,0
6207,0
6208,0
6209,0
6210,0
6211,1
6212,0
6213,0
6214,0
6215,0
6216,0
6217,0
6218,0
6219,0
6220,0
6221,0
6222,0
6223,0
6224,0
6225,0
6226,0
6227,0
6228,0
6229,0
6230,0
6231,0
6232,0
6233,0
6234,1
6235,0
6236,1
6237,0
6238,0
6239,0
6240,1
6241,0
6242,0
6243,0
6244,1
6245,0
6246,1
6247,1
6248,0
6249,0
6250,0
6251,1
6252,0
6253,1
6254,0
6255,0
6256,0
6257,1
6258,1
6259,0
6260,1
6261,0
6262,0
6263,0
6264,1
6265,0
6266,0
6267,0
6268,1
6269,0
6270,0
6271,1
6272,1
6273,0
6274,0
6275,1
6276,0
6277,1
6278,0
6279,0
6280,1
6281,1
6282,0
6283,1
6284,1
6285,0
6286,1
6287,1
6288,0
6289,1
6290,1
6291,1
6292,0
6293,0
6294,0
6295,0
6296,0
6297,0
6298,0
6299,0
6300,0
6301,0
6302,0
6303,0
6304,0
6305,0
6306,0
6307,0
6308,0
6309,0
6310,0
6311,0
6312,0
6313,0
6314,0
6315,0
6316,0
6317,0
6318,0
6319,0
6320,1
6321,0
6322,0
6323,0
6324,0
6325,0
6326,1
6327,1
6328,0
6329,1
6330,1
6331,1
6332,1
6333,0
6334,0
6335,1
6336,0
6337,1
6338,0
6339,1
6340,0
6341,0
6342,1
6343,1
6344,1
6345,1
6346,1
6347,0
6348,0
6349,0
6350,0
6351,0
6352,1
6353,1
6354,0
6355,1
6356,1
6357,1
6358,1
6359,1
6360,1
6361,1
6362,0
6363,1
6364,1
6365,1
6366,1
6367,1
6368,1
6369,1
6370,1
6371,1
6372,1
6373,1
6374,1
6375,1
6376,1
6377,1
6378,1
6379,1
6380,1
6381,1
6382,1
6383,1
6384,1
6385,1
6386,1
6387,1
6388,1
6389,1
6390,1
6391,1
6392,1
6393,1
6394,1
6395,1
6396,1
6397,1
6398,1
6399,1
6400,1
6401,1
6402,1
6403,1
6404,1
6405,1
6406,1
6407,1
6408,1
6409,1
6410,1
6411,1
6412,1
6413,1
6414,1
6415,1
6416,1
6417,1
6418,1
6419,1
6420,1
6421,1
6422,0
6423,1
6424,1
6425,1
6426,1
6427,0
6428,1
6429,1
6430,0
6431,1
6432,1
6433,1
6434,1
6435,0
6436,1
6437,1
6438,1
6439,1
6440,1
6441,1
6442,1
6443,1
6444,1
6445,1
6446,1
6447,1
6448,1
6449,1
6450,1
6451,1
6452,1
6453,0
6454,1
6455,1
6456,1
6457,1
6458,1
6459,1
6460,1
6461,0
6462,0
6463,0
6464,1
6465,0
6466,0
6467,1
6468,0
6469,0
6470,0
6471,1
6472,0
6473,0
6474,0
6475,0
6476,0
6477,0
6478,0
6479,0
6480,0
6481,0
6482,0
6483,0
6484,0
6485,0
6486,0
6487,0
6488,0
6489,0
6490,0
6491,0
6492,0
6493,0
6494,0
6495,0
6496,1
6497,0
6498,1
6499,0
6500,0
6501,0
6502,0
6503,0
6504,0
6505,0
6506,0
6507,0
6508,0
6509,0
6510,0
6511,0
6512,0
6513,0
6514,0
6515,1
6516,0
6517,0
6518,0
6519,0
6520,1
6521,0
6522,0
6523,0
6524,0
6525,0
6526,0
6527,0
6528,0
6529,0
6530,1
6531,1
6532,0
6533,0
6534,0
6535,0
6536,0
6537,1
6538,0
6539,0
6540,0
6541,0
6542,0
6543,0
6544,0
6545,0
6546,0
6547,0
6548,0
6549,0
6550,0
6551,0
6552,1
6553,1
6554,0
6555,0
6556,0
6557,1
6558,0
6559,1
6560,0
6561,1
6562,0
6563,1
6564,1
6565,1
6566,1
6567,1
6568,0
6569,1
6570,1
6571,1
6572,1
6573,1
6574,0
6575,1
6576,0
6577,0
6578,1
6579,0
6580,1
6581,1
6582,1
6583,0
6584,1
6585,0
6586,1
6587,1
6588,0
6589,0
6590,0
6591,1
6592,0
6593,1
6594,1
6595,1
6596,1
6597,1
6598,1
6599,1
6600,1
6601,1
6602,1
6603,0
6604,1
6605,1
6606,1
6607,1
6608,0
6609,0
6610,1
6611,1
6612,0
6613,1
6614,0
6615,0
6616,0
6617,1
6618,1
6619,0
6620,1
6621,0
6622,1
6623,1
6624,1
6625,0
6626,1
6627,1
6628,1
6629,0
6630,1
6631,1
6632,1
6633,1
6634,1
6635,1
6636,1
6637,0
6638,1
6639,1
6640,0
6641,1
6642,1
6643,1
6644,1
6645,0
6646,0
6647,1
6648,0
6649,0
6650,1
6651,1
6652,1
6653,1
6654,1
6655,1
6656,1
6657,1
6658,0
6659,0
6660,0
6661,1
6662,0
6663,0
6664,1
6665,0
6666,0
6667,1
6668,0
6669,0
6670,0
6671,0
6672,0
6673,0
6674,0
6675,0
6676,0
6677,0
6678,0
6679,1
6680,0
6681,0
6682,0
6683,0
6684,0
6685,0
6686,1
6687,0
6688,1
6689,0
6690,0
6691,1
6692,0
6693,0
6694,0
6695,0
6696,1
6697,0
6698,0
6699,0
6700,0
6701,0
6702,1
6703,0
6704,0
6705,0
6706,0
6707,0
6708,1
6709,0
6710,0
6711,1
6712,1
6713,1
6714,1
6715,1
6716,1
6717,1
6718,1
6719,1
6720,1
6721,1
6722,1
6723,1
6724,1
6725,1
6726,1
6727,1
6728,1
6729,1
6730,1
6731,1
6732,1
6733,1
6734,1
6735,1
6736,1
6737,1
6738,1
6739,0
6740,1
6741,0
6742,1
6743,1
6744,0
6745,0
6746,0
6747,0
6748,1
6749,1
6750,1
6751,0
6752,1
6753,1
6754,1
6755,0
6756,0
6757,1
6758,0
6759,0
6760,0
6761,0
6762,0
6763,0
6764,0
6765,1
6766,0
6767,0
6768,1
6769,1
6770,1
6771,1
6772,0
6773,0
6774,0
6775,0
6776,1
6777,0
6778,0
6779,0
6780,1
6781,0
6782,1
6783,0
6784,1
6785,0
6786,0
6787,1
6788,0
6789,1
6790,1
6791,0
6792,1
6793,0
6794,0
6795,1
6796,0
6797,1
6798,0
6799,1
6800,0
6801,1
6802,0
6803,1
6804,0
6805,0
6806,1
6807,1
6808,1
6809,1
6810,0
6811,1
6812,0
6813,0
6814,0
6815,0
6816,0
6817,0
6818,1
6819,0
6820,0
6821,1
6822,1
6823,1
6824,1
6825,0
6826,0
6827,1
6828,0
6829,0
6830,0
6831,0
6832,1
6833,0
6834,0
6835,1
6836,0
6837,0
6838,1
6839,0
6840,0
6841,0
6842,1
6843,1
6844,0
6845,0
6846,0
6847,1
6848,0
6849,0
6850,1
6851,0
6852,0
6853,1
6854,1
6855,1
6856,0
6857,0
6858,0
6859,0
6860,0
6861,0
6862,0
6863,0
6864,0
6865,0
6866,1
6867,0
6868,0
6869,0
6870,0
6871,0
6872,0
6873,1
6874,0
6875,0
6876,0
6877,0
6878,0
6879,0
6880,0
6881,0
6882,0
6883,0
6884,0
6885,0
6886,0
6887,0
6888,0
6889,0
6890,0
6891,0
6892,0
6893,0
6894,0
6895,0
6896,0
6897,0
6898,0
6899,0
6900,0
6901,0
6902,0
6903,0
6904,0
6905,0
6906,0
6907,0
6908,0
6909,0
6910,0
6911,0
6912,0
6913,0
6914,0
6915,0
6916,0
6917,0
6918,0
6919,0
6920,0
6921,0
6922,0
6923,0
6924,0
6925,0
6926,0
6927,0
6928,0
6929,0
6930,0
6931,0
6932,0
6933,0
6934,0
6935,0
6936,0
6937,0
6938,0
6939,1
6940,0
6941,0
6942,0
6943,0
6944,1
6945,1
6946,1
6947,1
6948,1
6949,0
6950,1
6951,0
6952,0
6953,1
6954,1
6955,0
6956,0
6957,0
6958,0
6959,0
6960,1
6961,0
6962,1
6963,0
6964,1
6965,0
6966,0
6967,1
6968,0
6969,0
6970,0
6971,0
6972,1
6973,1
6974,1
6975,0
6976,0
6977,0
6978,0
6979,0
6980,0
6981,0
6982,0
6983,0
6984,0
6985,0
6986,0
6987,0
6988,0
6989,0
6990,0
6991,0
6992,0
6993,0
6994,0
6995,0
6996,0
6997,0
6998,0
6999,0
7000,0
7001,0
7002,0
7003,1
7004,0
7005,0
7006,0
7007,0
7008,0
7009,0
7010,0
7011,0
7012,0
7013,0
7014,0
7015,0
7016,0
7017,1
7018,1
7019,1
7020,1
7021,1
7022,1
7023,1
7024,1
7025,1
7026,1
7027,1
7028,1
7029,0
7030,1
7031,1
7032,1
7033,1
7034,1
7035,1
7036,1
7037,1
7038,1
7039,1
7040,1
7041,1
7042,1
7043,1
7044,1
7045,1
7046,1
7047,1
7048,1
7049,1
7050,0
7051,1
7052,1
7053,1
7054,1
7055,0
7056,0
7057,0
7058,0
7059,0
7060,0
7061,0
7062,0
7063,0
7064,0
7065,0
7066,0
7067,0
7068,0
7069,0
7070,0
7071,0
7072,0
7073,0
7074,0
7075,0
7076,0
7077,0
7078,0
7079,0
7080,0
7081,0
7082,0
7083,0
7084,0
7085,0
7086,0
7087,0
7088,0
7089,0
7090,1
7091,0
7092,1
7093,1
7094,0
7095,1
7096,0
7097,1
7098,1
7099,1
7100,1
7101,1
7102,1
7103,1
7104,0
7105,1
7106,1
7107,1
7108,1
7109,1
7110,1
7111,1
7112,1
7113,1
7114,0
7115,1
7116,1
7117,0
7118,1
7119,1
7120,1
7121,1
7122,1
7123,1
7124,1
7125,1
7126,1
7127,0
7128,1
7129,1
7130,1
7131,1
7132,1
7133,1
7134,0
7135,1
7136,1
7137,1
7138,1
7139,1
7140,1
7141,0
7142,0
7143,1
7144,0
7145,0
7146,0
7147,0
7148,1
7149,1
7150,0
7151,1
7152,0
7153,0
7154,0
7155,0
7156,0
7157,0
7158,0
7159,0
7160,0
7161,0
7162,0
7163,0
7164,0
7165,0
7166,0
7167,1
7168,0
7169,0
7170,0
7171,0
7172,0
7173,0
7174,0
7175,0
7176,0
7177,0
7178,0
7179,0
7180,0
7181,0
7182,0
7183,0
7184,0
7185,1
7186,0
7187,0
7188,0
7189,0
7190,0
7191,0
7192,1
7193,1
7194,0
7195,1
7196,0
7197,1
7198,0
7199,0
7200,1
7201,0
7202,0
7203,0
7204,0
7205,0
7206,0
7207,0
7208,0
7209,0
7210,0
7211,1
7212,1
7213,0
7214,0
7215,1
7216,0
7217,0
7218,0
7219,0
7220,0
7221,0
7222,1
7223,1
7224,1
7225,0
7226,0
7227,1
7228,0
7229,1
7230,0
7231,0
7232,1
7233,0
7234,1
7235,0
7236,0
7237,0
7238,0
7239,1
7240,0
7241,0
7242,1
7243,0
7244,1
7245,1
7246,0
7247,0
7248,0
7249,1
7250,0
7251,0
7252,1
7253,1
7254,1
7255,0
7256,0
7257,0
7258,0
7259,0
7260,1
7261,0
7262,0
7263,0
7264,0
7265,0
7266,0
7267,0
7268,0
7269,0
7270,0
7271,0
7272,0
7273,0
7274,1
7275,1
7276,0
7277,0
7278,0
7279,0
7280,0
7281,0
7282,0
7283,0
7284,0
7285,0
7286,0
7287,0
7288,0
7289,0
7290,0
7291,0
7292,0
7293,0
7294,1
7295,1
7296,0
7297,1
7298,1
7299,1
7300,1
7301,1
7302,1
7303,0
7304,1
7305,0
7306,1
7307,0
7308,0
7309,0
7310,1
7311,0
7312,1
7313,1
7314,1
7315,1
7316,1
7317,0
7318,1
7319,0
7320,0
7321,1
7322,0
7323,1
7324,1
7325,0
7326,1
7327,1
7328,1
7329,1
7330,1
7331,0
7332,0
7333,1
7334,0
7335,1
7336,1
7337,1
7338,1
7339,1
7340,1
7341,1
7342,0
7343,1
7344,1
7345,1
7346,1
7347,1
7348,1
7349,1
7350,1
7351,0
7352,0
7353,1
7354,1
7355,1
7356,1
7357,1
7358,0
7359,0
7360,0
7361,1
7362,0
7363,1
7364,0
7365,0
7366,0
7367,0
7368,1
7369,1
7370,1
7371,0
7372,1
7373,1
7374,0
7375,0
7376,0
7377,0
7378,1
7379,0
7380,0
7381,0
7382,0
7383,0
7384,0
7385,1
7386,0
7387,0
7388,0
7389,1
7390,0
7391,0
7392,0
7393,0
7394,0
7395,1
7396,0
7397,0
7398,1
7399,1
7400,0
7401,0
7402,1
7403,1
7404,1
7405,1
7406,0
7407,0
7408,1
7409,1
7410,1
7411,1
7412,1
7413,1
7414,1
7415,0
7416,0
7417,1
7418,1
7419,1
7420,1
7421,1
7422,1
7423,1
7424,0
7425,1
7426,1
7427,1
7428,0
7429,1
7430,1
7431,0
7432,0
7433,1
7434,1
7435,0
7436,0
7437,0
7438,1
7439,0
7440,0
7441,0
7442,0
7443,0
7444,0
7445,0
7446,0
7447,0
7448,1
7449,0
7450,0
7451,0
7452,0
7453,0
7454,1
7455,0
7456,0
7457,0
7458,0
7459,1
7460,0
7461,1
7462,0
7463,0
7464,0
7465,1
7466,0
7467,1
7468,0
7469,1
7470,0
7471,0
7472,1
7473,0
7474,0
7475,1
7476,1
7477,0
7478,0
7479,0
7480,0
7481,0
7482,0
7483,0
7484,0
7485,0
7486,0
7487,0
7488,0
7489,0
7490,0
7491,1
7492,0
7493,0
7494,0
7495,1
7496,0
7497,1
7498,0
7499,0
7500,0
7501,0
7502,0
7503,0
7504,0
7505,1
7506,1
7507,1
7508,1
7509,1
7510,1
7511,1
7512,1
7513,1
7514,1
7515,1
7516,1
7517,1
7518,1
7519,1
7520,1
7521,1
7522,1
7523,1
7524,1
7525,1
7526,1
7527,1
7528,1
7529,1
7530,1
7531,1
7532,1
7533,1
7534,1
7535,1
7536,1
7537,1
7538,1
7539,1
7540,1
7541,1
7542,1
7543,1
7544,0
7545,0
7546,0
7547,0
7548,1
7549,0
7550,0
7551,0
7552,0
7553,0
7554,0
7555,0
7556,0
7557,0
7558,0
7559,1
7560,0
7561,0
7562,0
7563,0
7564,0
7565,0
7566,0
7567,0
7568,0
7569,0
7570,0
7571,0
7572,0
7573,0
7574,0
7575,0
7576,0
7577,0
7578,0
7579,0
7580,0
7581,0
7582,0
7583,1
7584,0
7585,1
7586,1
7587,0
7588,1
7589,1
7590,1
7591,0
7592,1
7593,0
7594,1
7595,1
7596,1
7597,1
7598,1
7599,1
7600,1
7601,1
7602,1
7603,1
7604,1
7605,1
7606,1
7607,1
7608,1
7609,1
7610,1
7611,1
7612,1
